{"stats":{"minecraft:mined":{"minecraft:white_bed":2,"minecraft:furnace":2,"minecraft:dandelion":2,"minecraft:crafting_table":2,"minecraft:grass":18,"minecraft:oak_log":21,"minecraft:grass_block":3,"minecraft:coal_ore":2,"minecraft:sand":92,"minecraft:dirt":32,"minecraft:stone":8,"minecraft:oak_leaves":2},"minecraft:crafted":{"minecraft:glass_bottle":6,"minecraft:wooden_sword":1,"minecraft:glass":14,"minecraft:oak_planks":84,"minecraft:wooden_shovel":1,"minecraft:wooden_hoe":1,"minecraft:crafting_table":1,"minecraft:stick":32,"minecraft:cooked_chicken":2,"minecraft:wooden_pickaxe":1,"minecraft:wooden_axe":1,"minecraft:furnace":1,"minecraft:white_bed":1,"minecraft:cooked_mutton":3},"minecraft:custom":{"minecraft:time_since_rest":4257,"minecraft:sprint_one_cm":14817,"minecraft:interact_with_furnace":16,"minecraft:damage_taken":80,"minecraft:walk_one_cm":165257,"minecraft:mob_kills":5,"minecraft:damage_dealt":320,"minecraft:interact_with_crafting_table":7,"minecraft:fly_one_cm":3073,"minecraft:play_time":45667,"minecraft:walk_under_water_one_cm":1840,"minecraft:jump":345,"minecraft:leave_game":2,"minecraft:walk_on_water_one_cm":2447,"minecraft:time_since_death":45667,"minecraft:sleep_in_bed":1,"minecraft:total_world_time":45667,"minecraft:fall_one_cm":2577},"minecraft:used":{"minecraft:wheat_seeds":1,"minecraft:wooden_hoe":1,"minecraft:wooden_axe":2,"minecraft:glass_bottle":3,"minecraft:wooden_pickaxe":12,"minecraft:wooden_shovel":66,"minecraft:cooked_chicken":2,"minecraft:sand":54,"minecraft:wooden_sword":15,"minecraft:dirt":26,"minecraft:potion":2,"minecraft:crafting_table":2,"minecraft:furnace":2,"minecraft:white_bed":2,"minecraft:egg":1,"minecraft:dandelion":2},"minecraft:picked_up":{"minecraft:crafting_table":2,"minecraft:feather":2,"minecraft:chicken":2,"minecraft:dandelion":2,"minecraft:sand":91,"minecraft:oak_log":21,"minecraft:white_bed":2,"minecraft:dirt":34,"minecraft:wheat_seeds":1,"minecraft:mutton":3,"minecraft:oak_planks":72,"minecraft:coal":2,"minecraft:furnace":2,"minecraft:white_wool":3,"minecraft:cobblestone":8,"minecraft:egg":3},"minecraft:killed":{"minecraft:sheep":3,"minecraft:chicken":2}},"DataVersion":3120}