{"stats":{"minecraft:dropped":{"minecraft:bread":8,"toughasnails:water_canteen":1,"minecraft:wheat_seeds":4,"minecraft:glass_bottle":4,"jeg:scrap":1,"minecraft:item_frame":4,"minecraft:stick":2,"minecraft:dirt":12,"minecraft:wooden_hoe":1,"minecraft:wooden_axe":1,"minecraft:wooden_sword":1,"minecraft:iron_pickaxe":3,"minecraft:stone_axe":1,"minecraft:sweet_berries":1,"minecraft:coarse_dirt":1,"minecraft:pointed_dripstone":4,"minecraft:white_bed":3,"minecraft:potato":30,"minecraft:peony":12,"minecraft:wooden_shovel":1,"minecraft:wooden_pickaxe":1},"minecraft:mined":{"jeg:brimstone_ore":2,"minecraft:white_bed":6,"gravestone:gravestone":1,"minecraft:granite":1,"minecraft:grass_block":21,"gobber2:gobber2_lucky_block":48,"minecraft:spruce_leaves":1,"minecraft:oak_trapdoor":1,"minecraft:furnace":4,"minecraft:iron_ore":50,"minecraft:fire":2,"minecraft:andesite":11,"minecraft:pumpkin":6,"minecraft:peony":8,"minecraft:pointed_dripstone":7,"minecraft:deepslate_iron_ore":4,"minecraft:iron_bars":1,"minecraft:stone":147,"jeg:scrap_ore":39,"toughasnails:water_purifier":3,"minecraft:smoker":1,"minecraft:dandelion":2,"minecraft:crafting_table":6,"minecraft:torch":10,"minecraft:emerald_ore":1,"minecraft:poppy":1,"minecraft:chest":2,"minecraft:campfire":3,"minecraft:tall_grass":3,"minecraft:copper_ore":3,"minecraft:cobblestone":12,"minecraft:lapis_ore":1,"minecraft:diorite":23,"minecraft:blue_bed":11,"minecraft:wall_torch":10,"minecraft:purple_bed":5,"jeg:scrap_workbench":1,"minecraft:coarse_dirt":1,"minecraft:wheat":1,"gobber2:gobber2_lucky_block_deepslate":1,"minecraft:grass":27,"minecraft:oak_log":37,"minecraft:coal_ore":52,"minecraft:dripstone_block":2,"minecraft:sand":105,"minecraft:dirt":64,"minecraft:cobweb":4,"minecraft:gold_ore":5,"minecraft:deepslate":3,"minecraft:oak_leaves":6},"minecraft:crafted":{"minecraft:wooden_sword":1,"minecraft:oak_planks":108,"minecraft:cooked_chicken":2,"minecraft:furnace":1,"minecraft:cooked_mutton":3,"minecraft:glass":28,"jeg:scrap_workbench":1,"minecraft:stone_pickaxe":1,"minecraft:chest":2,"minecraft:glass_bottle":6,"blue_skies:blue_journal":1,"minecraft:wooden_shovel":1,"sophisticatedbackpacks:backpack":1,"minecraft:crafting_table":3,"minecraft:wooden_pickaxe":1,"minecraft:iron_sword":1,"minecraft:copper_ingot":8,"minecraft:campfire":2,"minecraft:stone_axe":1,"jeg:scrap_block":1,"jeg:brimstone_crystal":2,"minecraft:iron_chestplate":1,"minecraft:wooden_hoe":1,"minecraft:charcoal":4,"toughasnails:water_purifier":1,"minecraft:shield":1,"minecraft:stick":56,"minecraft:iron_pickaxe":1,"minecraft:iron_ingot":36,"minecraft:wooden_axe":1,"minecraft:iron_leggings":1,"minecraft:white_bed":1,"minecraft:torch":120,"toughasnails:empty_canteen":1},"minecraft:custom":{"minecraft:mob_kills":30,"minecraft:interact_with_crafting_table":54,"minecraft:open_barrel":3,"minecraft:leave_game":11,"minecraft:time_since_death":131138,"minecraft:climb_one_cm":2356,"minecraft:sprint_one_cm":188500,"minecraft:walk_one_cm":1513221,"minecraft:damage_blocked_by_shield":170,"minecraft:drop":35,"minecraft:talked_to_villager":4,"minecraft:play_time":284093,"minecraft:deaths":1,"minecraft:sneak_time":2518,"minecraft:walk_under_water_one_cm":9258,"minecraft:jump":2643,"minecraft:walk_on_water_one_cm":21116,"minecraft:total_world_time":284093,"minecraft:interact_with_furnace":67,"minecraft:traded_with_villager":1,"minecraft:sleep_in_bed":18,"minecraft:time_since_rest":56668,"minecraft:damage_taken":1153,"minecraft:damage_dealt":4790,"minecraft:swim_one_cm":37373,"minecraft:fly_one_cm":50098,"minecraft:open_chest":49,"minecraft:crouch_one_cm":1158,"minecraft:fall_one_cm":33254},"minecraft:used":{"gobber2:gobber2_goo":5,"toughasnails:water_purifier":4,"gobber2:gobber2_gooey_bread":17,"minecraft:chest":3,"minecraft:shield":5,"minecraft:iron_sword":70,"minecraft:cooked_chicken":2,"minecraft:wooden_shovel":66,"minecraft:iron_chestplate":1,"minecraft:torch":134,"minecraft:dirt":58,"toughasnails:empty_canteen":4,"minecraft:wooden_axe":15,"gobber2:gobber2_gooey_beef":11,"minecraft:furnace":5,"minecraft:egg":1,"minecraft:potato":7,"minecraft:iron_leggings":1,"minecraft:wheat_seeds":1,"minecraft:cooked_mutton":3,"minecraft:diorite":1,"minecraft:glass_bottle":16,"minecraft:stone_pickaxe":32,"minecraft:wooden_pickaxe":17,"minecraft:blue_bed":9,"toughasnails:water_canteen":34,"minecraft:sand":68,"minecraft:crafting_table":8,"minecraft:white_bed":7,"minecraft:campfire":2,"minecraft:wooden_hoe":2,"gobber2:gobber2_gooey_beefstew":4,"minecraft:iron_pickaxe":384,"minecraft:bread":9,"jeg:scrap_workbench":2,"minecraft:stone_axe":19,"minecraft:wooden_sword":76,"minecraft:cobblestone":52,"minecraft:potion":16,"minecraft:purple_bed":5,"toughasnails:purified_water_canteen":22,"minecraft:andesite":3,"minecraft:dandelion":2},"minecraft:broken":{"toughasnails:purified_water_canteen":3},"minecraft:picked_up":{"minecraft:crafting_table":5,"minecraft:charcoal":11,"minecraft:coarse_dirt":1,"minecraft:chicken":2,"jeg:scrap_workbench":1,"minecraft:string":5,"minecraft:raw_copper":8,"minecraft:item_frame":4,"jeg:revolver":1,"minecraft:cobbled_deepslate":2,"minecraft:beef":6,"minecraft:iron_pickaxe":4,"minecraft:chest":2,"minecraft:furnace":4,"minecraft:egg":5,"minecraft:stick":2,"minecraft:raw_iron":54,"jeg:pistol_ammo":5,"minecraft:torch":22,"minecraft:pointed_dripstone":4,"minecraft:diorite":16,"gobber2:gobber2_foo":4,"minecraft:rotten_flesh":16,"minecraft:peony":12,"blue_skies:moonstone_shard":3,"minecraft:mutton":3,"jeg:raw_brimstone":2,"minecraft:iron_bars":1,"minecraft:white_wool":3,"minecraft:cobblestone":138,"minecraft:feather":2,"minecraft:andesite":11,"gobber2:gobber2_gooey_beefstew":4,"minecraft:leather":8,"minecraft:smoker":1,"minecraft:potato":17,"minecraft:oak_log":37,"jeg:scrap":90,"minecraft:gunpowder":2,"minecraft:lapis_lazuli":7,"minecraft:dirt":70,"minecraft:blue_bed":12,"gobber2:gobber2_gooey_beef":11,"minecraft:wheat_seeds":13,"minecraft:raw_gold":5,"minecraft:iron_ingot":9,"minecraft:glass_bottle":1,"minecraft:oak_planks":72,"jeg:tech_trash":7,"gobber2:gobber2_gooey_bread":17,"minecraft:scaffolding":4,"minecraft:pumpkin":12,"minecraft:sweet_berries":1,"minecraft:dandelion":2,"minecraft:sand":113,"minecraft:white_bed":9,"minecraft:spider_eye":1,"toughasnails:water_purifier":3,"toughasnails:water_canteen":1,"minecraft:purple_bed":6,"minecraft:stone_axe":1,"minecraft:writable_book":1,"minecraft:emerald":3,"minecraft:bread":4,"minecraft:oak_sapling":3,"minecraft:coal":91,"gobber2:gobber2_goo":11},"minecraft:killed":{"minecraft:spider":1,"minecraft:horse":9,"minecraft:chicken":2,"minecraft:zombie_villager":1,"minecraft:creeper":1,"minecraft:sheep":3,"minecraft:zombie":9,"minecraft:cow":2}},"DataVersion":3120}