{"stats":{"minecraft:dropped":{"minecraft:bread":8,"minecraft:wheat_seeds":4,"minecraft:glass_bottle":4,"jeg:scrap":1,"minecraft:item_frame":4,"minecraft:dirt":12,"minecraft:wooden_hoe":1,"minecraft:wooden_axe":1,"minecraft:wooden_sword":1,"minecraft:iron_pickaxe":2,"minecraft:sweet_berries":1,"minecraft:white_bed":3,"minecraft:potato":30,"minecraft:peony":12,"minecraft:wooden_shovel":1,"minecraft:wooden_pickaxe":1},"minecraft:mined":{"minecraft:white_bed":4,"gravestone:gravestone":1,"minecraft:grass_block":18,"gobber2:gobber2_lucky_block":23,"minecraft:spruce_leaves":1,"minecraft:oak_trapdoor":1,"minecraft:furnace":4,"minecraft:iron_ore":13,"minecraft:fire":2,"minecraft:pumpkin":6,"minecraft:peony":8,"minecraft:iron_bars":1,"minecraft:stone":42,"jeg:scrap_ore":8,"toughasnails:water_purifier":1,"minecraft:smoker":1,"minecraft:dandelion":2,"minecraft:crafting_table":5,"minecraft:torch":8,"minecraft:poppy":1,"minecraft:chest":2,"minecraft:campfire":1,"minecraft:copper_ore":1,"minecraft:tall_grass":3,"minecraft:cobblestone":7,"minecraft:wall_torch":8,"minecraft:blue_bed":11,"minecraft:purple_bed":1,"jeg:scrap_workbench":1,"minecraft:wheat":1,"minecraft:grass":27,"minecraft:coal_ore":31,"minecraft:oak_log":25,"minecraft:dirt":54,"minecraft:sand":105,"minecraft:cobweb":4,"minecraft:oak_leaves":5},"minecraft:crafted":{"minecraft:wooden_sword":1,"minecraft:oak_planks":84,"minecraft:cooked_chicken":2,"minecraft:furnace":1,"minecraft:cooked_mutton":3,"minecraft:glass":19,"jeg:scrap_workbench":1,"minecraft:stone_pickaxe":1,"minecraft:chest":2,"minecraft:glass_bottle":6,"blue_skies:blue_journal":1,"minecraft:wooden_shovel":1,"sophisticatedbackpacks:backpack":1,"minecraft:crafting_table":3,"minecraft:wooden_pickaxe":1,"minecraft:iron_sword":1,"minecraft:stone_axe":1,"jeg:scrap_block":1,"minecraft:wooden_hoe":1,"minecraft:iron_chestplate":1,"minecraft:charcoal":4,"toughasnails:water_purifier":1,"minecraft:stick":32,"minecraft:iron_pickaxe":1,"minecraft:iron_ingot":4,"minecraft:wooden_axe":1,"minecraft:white_bed":1,"minecraft:torch":24,"toughasnails:empty_canteen":1},"minecraft:custom":{"minecraft:mob_kills":17,"minecraft:interact_with_crafting_table":35,"minecraft:open_barrel":3,"minecraft:leave_game":6,"minecraft:time_since_death":35983,"minecraft:climb_one_cm":1780,"minecraft:sprint_one_cm":180878,"minecraft:walk_one_cm":1033920,"minecraft:drop":29,"minecraft:talked_to_villager":4,"minecraft:play_time":188938,"minecraft:deaths":1,"minecraft:sneak_time":19,"minecraft:walk_under_water_one_cm":6143,"minecraft:jump":1740,"minecraft:walk_on_water_one_cm":16982,"minecraft:total_world_time":188938,"minecraft:interact_with_furnace":36,"minecraft:traded_with_villager":1,"minecraft:sleep_in_bed":13,"minecraft:time_since_rest":10368,"minecraft:damage_taken":620,"minecraft:damage_dealt":2421,"minecraft:swim_one_cm":34756,"minecraft:fly_one_cm":45459,"minecraft:open_chest":11,"minecraft:crouch_one_cm":13,"minecraft:fall_one_cm":19387},"minecraft:used":{"gobber2:gobber2_goo":5,"toughasnails:water_purifier":1,"gobber2:gobber2_gooey_bread":5,"minecraft:chest":2,"minecraft:iron_sword":18,"minecraft:wooden_shovel":66,"minecraft:cooked_chicken":2,"minecraft:iron_chestplate":1,"minecraft:torch":39,"minecraft:dirt":51,"toughasnails:empty_canteen":1,"minecraft:wooden_axe":15,"gobber2:gobber2_gooey_beef":9,"minecraft:furnace":4,"minecraft:egg":1,"minecraft:potato":7,"minecraft:wheat_seeds":1,"minecraft:cooked_mutton":3,"minecraft:glass_bottle":16,"minecraft:stone_pickaxe":32,"minecraft:wooden_pickaxe":17,"minecraft:blue_bed":9,"toughasnails:water_canteen":23,"minecraft:sand":68,"minecraft:crafting_table":6,"minecraft:white_bed":4,"minecraft:wooden_hoe":2,"gobber2:gobber2_gooey_beefstew":1,"minecraft:bread":4,"minecraft:iron_pickaxe":86,"jeg:scrap_workbench":1,"minecraft:stone_axe":4,"minecraft:wooden_sword":76,"minecraft:cobblestone":15,"minecraft:potion":16,"toughasnails:purified_water_canteen":5,"minecraft:dandelion":2},"minecraft:broken":{"toughasnails:purified_water_canteen":1},"minecraft:picked_up":{"minecraft:charcoal":4,"minecraft:crafting_table":4,"minecraft:chicken":2,"jeg:scrap_workbench":1,"minecraft:string":4,"minecraft:item_frame":4,"minecraft:beef":6,"minecraft:iron_pickaxe":3,"minecraft:chest":2,"minecraft:furnace":4,"minecraft:egg":5,"minecraft:stick":2,"minecraft:raw_iron":13,"minecraft:torch":18,"gobber2:gobber2_foo":3,"minecraft:rotten_flesh":5,"minecraft:peony":12,"blue_skies:moonstone_shard":3,"minecraft:mutton":3,"minecraft:iron_bars":1,"minecraft:white_wool":3,"minecraft:cobblestone":33,"minecraft:feather":2,"minecraft:leather":8,"gobber2:gobber2_gooey_beefstew":1,"minecraft:smoker":1,"minecraft:potato":17,"minecraft:oak_log":25,"jeg:scrap":24,"minecraft:dirt":65,"minecraft:blue_bed":12,"gobber2:gobber2_gooey_beef":9,"minecraft:wheat_seeds":13,"minecraft:iron_ingot":9,"minecraft:glass_bottle":1,"minecraft:oak_planks":72,"jeg:tech_trash":2,"gobber2:gobber2_gooey_bread":5,"minecraft:scaffolding":4,"minecraft:pumpkin":12,"minecraft:sweet_berries":1,"minecraft:dandelion":2,"minecraft:sand":113,"minecraft:white_bed":7,"minecraft:spider_eye":1,"toughasnails:water_purifier":1,"minecraft:purple_bed":2,"minecraft:writable_book":1,"minecraft:bread":4,"minecraft:emerald":2,"minecraft:oak_sapling":3,"minecraft:coal":70,"gobber2:gobber2_goo":5},"minecraft:killed":{"minecraft:horse":9,"minecraft:chicken":2,"minecraft:sheep":3,"minecraft:cow":2}},"DataVersion":3120}