{"stats":{"minecraft:mined":{"minecraft:dandelion":2,"minecraft:crafting_table":1,"minecraft:grass":13,"minecraft:oak_log":21,"minecraft:grass_block":3,"minecraft:coal_ore":2,"minecraft:sand":38,"minecraft:dirt":24,"minecraft:stone":8,"minecraft:oak_leaves":2},"minecraft:crafted":{"minecraft:glass_bottle":6,"minecraft:wooden_sword":1,"minecraft:glass":14,"minecraft:oak_planks":84,"minecraft:wooden_shovel":1,"minecraft:crafting_table":1,"minecraft:stick":32,"minecraft:cooked_chicken":1,"minecraft:wooden_pickaxe":1,"minecraft:wooden_axe":1,"minecraft:furnace":1},"minecraft:custom":{"minecraft:time_since_rest":21667,"minecraft:sprint_one_cm":4747,"minecraft:interact_with_furnace":6,"minecraft:damage_taken":50,"minecraft:walk_one_cm":101129,"minecraft:mob_kills":1,"minecraft:damage_dealt":40,"minecraft:interact_with_crafting_table":3,"minecraft:fly_one_cm":227,"minecraft:play_time":21667,"minecraft:walk_under_water_one_cm":1840,"minecraft:jump":171,"minecraft:leave_game":2,"minecraft:walk_on_water_one_cm":2044,"minecraft:time_since_death":21667,"minecraft:total_world_time":21667,"minecraft:fall_one_cm":1489},"minecraft:used":{"minecraft:wooden_axe":1,"minecraft:glass_bottle":1,"minecraft:wooden_pickaxe":10,"minecraft:wooden_shovel":66,"minecraft:cooked_chicken":1,"minecraft:wooden_sword":1,"minecraft:dirt":26,"minecraft:potion":1,"minecraft:crafting_table":2,"minecraft:furnace":1,"minecraft:egg":1,"minecraft:dandelion":1},"minecraft:picked_up":{"minecraft:crafting_table":1,"minecraft:feather":1,"minecraft:chicken":1,"minecraft:dandelion":2,"minecraft:sand":37,"minecraft:oak_log":21,"minecraft:dirt":26,"minecraft:wheat_seeds":1,"minecraft:coal":2,"minecraft:cobblestone":8,"minecraft:egg":1},"minecraft:killed":{"minecraft:chicken":1}},"DataVersion":3120}