{"stats":{"minecraft:used":{"gobber2:gobber2_goo":7,"toughasnails:water_purifier":4,"minecraft:chest":3,"gobber2:gobber2_gooey_bread":17,"minecraft:spruce_planks":2,"minecraft:shield":45,"minecraft:iron_sword":187,"minecraft:wooden_shovel":66,"jeg:holy_shotgun":12,"minecraft:cooked_chicken":2,"minecraft:iron_chestplate":1,"minecraft:oak_door":4,"minecraft:torch":226,"minecraft:dirt":74,"funmod:soul_stealer":5,"toughasnails:empty_canteen":12,"minecraft:carrot":1,"minecraft:obsidian":8,"minecraft:lava_bucket":2,"minecraft:glass":3,"minecraft:wooden_axe":15,"minecraft:oak_stairs":1,"minecraft:iron_helmet":1,"gobber2:gobber2_gooey_beef":11,"minecraft:golden_sword":31,"minecraft:sweet_berries":7,"minecraft:furnace":5,"jeg:revolver":37,"minecraft:egg":2,"minecraft:potato":7,"minecraft:cooked_beef":9,"minecraft:cobbled_deepslate":23,"minecraft:iron_leggings":1,"minecraft:cooked_mutton":3,"minecraft:water_bucket":5,"minecraft:wheat_seeds":5,"minecraft:diorite":1,"minecraft:baked_potato":5,"minecraft:glass_bottle":16,"minecraft:stone_pickaxe":32,"minecraft:wooden_pickaxe":17,"minecraft:blue_bed":11,"jeg:assault_rifle":242,"toughasnails:water_canteen":44,"minecraft:golden_hoe":4,"minecraft:sand":72,"minecraft:oak_slab":2,"minecraft:crafting_table":8,"minecraft:crossbow":4,"minecraft:white_bed":7,"minecraft:campfire":2,"minecraft:diamond_pickaxe":52,"minecraft:wooden_hoe":2,"minecraft:apple":2,"gobber2:gobber2_gooey_beefstew":5,"minecraft:chicken":1,"minecraft:iron_pickaxe":597,"minecraft:bread":10,"minecraft:stone_axe":35,"jeg:scrap_workbench":3,"minecraft:wooden_sword":76,"minecraft:purple_bed":5,"minecraft:potion":16,"minecraft:cobblestone":200,"minecraft:andesite":13,"toughasnails:purified_water_canteen":50,"minecraft:bucket":7,"jeg:blossom_rifle":168,"minecraft:bone_meal":2,"minecraft:dandelion":2},"minecraft:custom":{"minecraft:mob_kills":55,"minecraft:interact_with_crafting_table":94,"minecraft:open_barrel":3,"minecraft:leave_game":24,"minecraft:time_since_death":43703,"minecraft:climb_one_cm":2936,"minecraft:sprint_one_cm":361648,"minecraft:damage_blocked_by_shield":2390,"minecraft:walk_one_cm":2619444,"minecraft:drop":55,"minecraft:talked_to_villager":7,"minecraft:play_time":707611,"minecraft:deaths":9,"minecraft:sneak_time":3177,"minecraft:walk_under_water_one_cm":18134,"minecraft:jump":4781,"minecraft:walk_on_water_one_cm":36179,"minecraft:total_world_time":707611,"minecraft:interact_with_furnace":131,"minecraft:traded_with_villager":2,"minecraft:sleep_in_bed":29,"minecraft:time_since_rest":43900,"minecraft:damage_taken":4122,"minecraft:damage_dealt":9784,"minecraft:swim_one_cm":39986,"minecraft:fly_one_cm":156205,"minecraft:open_chest":155,"minecraft:crouch_one_cm":2349,"minecraft:fall_one_cm":54615},"minecraft:dropped":{"minecraft:iron_ingot":15,"minecraft:bread":8,"minecraft:iron_sword":1,"toughasnails:water_canteen":1,"minecraft:wheat_seeds":4,"minecraft:cooked_beef":2,"gobber2:gobber2_foo":1,"minecraft:glass_bottle":6,"minecraft:crossbow":1,"minecraft:cobblestone":2,"minecraft:apple":2,"jeg:scrap":1,"minecraft:copper_ingot":3,"minecraft:coal":7,"minecraft:item_frame":4,"minecraft:stick":2,"minecraft:dirt":12,"blue_skies:blue_journal":1,"minecraft:wooden_hoe":1,"minecraft:torch":1,"minecraft:wooden_axe":1,"minecraft:wooden_sword":1,"minecraft:iron_pickaxe":5,"minecraft:bone":1,"minecraft:stone_axe":1,"minecraft:sweet_berries":1,"minecraft:coarse_dirt":1,"minecraft:pointed_dripstone":4,"minecraft:white_bed":3,"minecraft:potato":30,"minecraft:peony":12,"minecraft:wooden_shovel":1,"jeg:assault_rifle":1,"minecraft:wooden_pickaxe":1,"jeg:pistol_ammo":5},"minecraft:mined":{"jeg:brimstone_ore":3,"minecraft:spruce_planks":2,"minecraft:white_bed":6,"minecraft:oak_door":2,"minecraft:deepslate_diamond_ore":4,"minecraft:sculk_vein":1,"minecraft:obsidian":8,"minecraft:granite":1,"gravestone:gravestone":7,"minecraft:grass_block":36,"gobber2:gobber2_lucky_block":54,"minecraft:spruce_leaves":3,"minecraft:large_fern":1,"minecraft:oak_trapdoor":1,"minecraft:redstone_ore":2,"minecraft:furnace":4,"minecraft:iron_ore":65,"minecraft:fire":2,"minecraft:cobbled_deepslate":10,"minecraft:andesite":17,"minecraft:pumpkin":6,"minecraft:peony":8,"minecraft:pointed_dripstone":7,"minecraft:deepslate_iron_ore":9,"minecraft:oak_stairs":1,"minecraft:iron_bars":1,"minecraft:stone":188,"minecraft:deepslate_redstone_ore":10,"minecraft:oak_slab":1,"minecraft:glass_pane":2,"jeg:scrap_ore":39,"toughasnails:water_purifier":3,"minecraft:smoker":1,"minecraft:dandelion":4,"minecraft:crafting_table":6,"minecraft:torch":12,"minecraft:emerald_ore":1,"minecraft:poppy":1,"minecraft:chest":2,"minecraft:sculk_sensor":1,"minecraft:campfire":3,"minecraft:copper_ore":3,"minecraft:tall_grass":5,"minecraft:cobblestone":40,"minecraft:deepslate_gold_ore":1,"minecraft:lapis_ore":1,"minecraft:diorite":25,"minecraft:blue_bed":12,"minecraft:wall_torch":10,"jeg:deepslate_scrap_ore":5,"minecraft:purple_bed":5,"jeg:scrap_workbench":1,"minecraft:coarse_dirt":1,"minecraft:sweet_berry_bush":1,"minecraft:wheat":4,"minecraft:spruce_log":6,"gobber2:gobber2_lucky_block_deepslate":1,"minecraft:grass":33,"minecraft:coal_ore":73,"minecraft:oak_log":44,"minecraft:gravel":5,"minecraft:dirt":77,"minecraft:sand":105,"minecraft:dripstone_block":17,"minecraft:cobweb":4,"minecraft:netherrack":2,"minecraft:gold_ore":5,"minecraft:oak_leaves":7,"minecraft:deepslate":65},"minecraft:killed":{"minecraft:spider":3,"midnightlurker:midnight_lurker_aggressive":1,"minecraft:skeleton":1,"minecraft:horse":9,"minecraft:chicken":3,"minecraft:zombie_villager":1,"minecraft:creeper":2,"minecraft:sheep":3,"minecraft:zombie":23,"minecraft:cow":4},"minecraft:broken":{"toughasnails:water_canteen":2,"minecraft:golden_sword":1,"minecraft:iron_pickaxe":1,"toughasnails:purified_water_canteen":9},"minecraft:picked_up":{"minecraft:coarse_dirt":1,"minecraft:charcoal":11,"minecraft:crafting_table":5,"minecraft:wheat":3,"minecraft:chicken":3,"minecraft:oak_stairs":1,"jeg:scrap_workbench":1,"gravestone:obituary":2,"minecraft:string":6,"minecraft:oak_trapdoor":1,"minecraft:raw_copper":8,"minecraft:item_frame":4,"jeg:revolver":1,"minecraft:cobbled_deepslate":75,"minecraft:spruce_planks":2,"minecraft:beef":10,"minecraft:iron_pickaxe":6,"minecraft:chest":2,"minecraft:birch_sapling":1,"minecraft:furnace":4,"minecraft:egg":6,"minecraft:stick":6,"minecraft:raw_iron":78,"minecraft:oak_door":3,"jeg:pistol_ammo":15,"minecraft:torch":27,"minecraft:pointed_dripstone":4,"minecraft:diorite":16,"minecraft:redstone":50,"gobber2:gobber2_foo":6,"minecraft:arrow":4,"minecraft:rotten_flesh":31,"minecraft:peony":12,"blue_skies:moonstone_shard":3,"minecraft:obsidian":8,"minecraft:mutton":3,"jeg:raw_brimstone":3,"minecraft:iron_bars":1,"minecraft:white_wool":3,"minecraft:cobblestone":209,"minecraft:feather":2,"minecraft:cooked_beef":1,"minecraft:andesite":16,"gobber2:gobber2_gooey_beefstew":5,"minecraft:leather":10,"minecraft:smoker":1,"minecraft:potato":19,"minecraft:flint":1,"minecraft:oak_log":44,"jeg:scrap":97,"minecraft:gunpowder":7,"minecraft:lapis_lazuli":7,"minecraft:dirt":96,"minecraft:blue_bed":13,"minecraft:bone":1,"gobber2:gobber2_gooey_beef":11,"minecraft:wheat_seeds":27,"minecraft:raw_gold":6,"minecraft:iron_ingot":9,"minecraft:glass_bottle":2,"minecraft:oak_planks":72,"jeg:tech_trash":9,"gobber2:gobber2_gooey_bread":18,"minecraft:scaffolding":4,"minecraft:oak_slab":2,"jeg:assault_rifle":1,"minecraft:pumpkin":12,"minecraft:sweet_berries":1,"minecraft:dandelion":3,"minecraft:dripstone_block":15,"minecraft:gravel":4,"minecraft:sand":113,"minecraft:white_bed":9,"minecraft:spruce_log":6,"minecraft:spider_eye":2,"funmod:l_essence_of_greed":8,"toughasnails:water_purifier":3,"toughasnails:water_canteen":1,"minecraft:purple_bed":6,"minecraft:diamond":4,"minecraft:stone_axe":1,"minecraft:writable_book":1,"minecraft:bread":4,"minecraft:emerald":3,"minecraft:oak_sapling":3,"minecraft:netherrack":2,"minecraft:coal":122,"gobber2:gobber2_goo":13},"minecraft:killed_by":{"midnightlurker:midnight_lurker_aggressive":2,"minecraft:player":2,"minecraft:creeper":1,"minecraft:zombie":2},"minecraft:crafted":{"minecraft:wooden_sword":1,"minecraft:oak_door":3,"minecraft:oak_planks":108,"minecraft:cooked_chicken":2,"minecraft:furnace":1,"minecraft:bone_meal":3,"minecraft:cooked_mutton":3,"minecraft:glass":28,"minecraft:iron_boots":1,"jeg:scrap_workbench":1,"minecraft:stone_pickaxe":1,"minecraft:chest":2,"minecraft:dark_oak_planks":28,"minecraft:cooked_beef":10,"minecraft:glass_bottle":6,"blue_skies:blue_journal":2,"minecraft:crossbow":2,"minecraft:wooden_shovel":1,"sophisticatedbackpacks:backpack":1,"minecraft:crafting_table":3,"minecraft:spruce_planks":24,"minecraft:iron_helmet":1,"minecraft:baked_potato":4,"minecraft:wooden_pickaxe":1,"minecraft:iron_sword":2,"minecraft:clock":1,"minecraft:copper_ingot":136,"minecraft:bucket":2,"minecraft:campfire":2,"minecraft:stone_axe":1,"jeg:scrap_block":1,"jeg:brimstone_crystal":7,"minecraft:iron_chestplate":1,"minecraft:wooden_hoe":1,"minecraft:diamond_pickaxe":1,"minecraft:charcoal":9,"toughasnails:water_purifier":1,"minecraft:shield":1,"minecraft:stick":160,"minecraft:iron_ingot":78,"minecraft:iron_pickaxe":2,"minecraft:wooden_axe":1,"minecraft:iron_leggings":1,"minecraft:gold_ingot":6,"minecraft:white_bed":1,"minecraft:torch":200,"minecraft:shears":1,"toughasnails:empty_canteen":1}},"DataVersion":3120}