{"stats":{"minecraft:broken":{"minecraft:stone_pickaxe":1,"minecraft:golden_sword":2,"minecraft:stone_axe":1,"minecraft:iron_sword":1,"minecraft:iron_pickaxe":3},"minecraft:dropped":{"minecraft:iron_sword":2,"minecraft:cooked_beef":2,"minecraft:glass_bottle":6,"minecraft:crossbow":1,"jeg:scrap":1,"minecraft:item_frame":4,"minecraft:dirt":12,"blue_skies:blue_journal":1,"gravestone:obituary":7,"minecraft:gold_nugget":55,"minecraft:wooden_sword":1,"minecraft:iron_pickaxe":6,"minecraft:gold_ingot":3,"minecraft:bone":1,"minecraft:gravel":17,"minecraft:stone_axe":1,"minecraft:blackstone":1,"minecraft:pointed_dripstone":4,"minecraft:white_bed":3,"minecraft:carrot":2,"funmod:l_essence_of_greed":1,"jeg:assault_rifle":1,"minecraft:iron_ingot":45,"minecraft:bread":8,"minecraft:wheat_seeds":4,"minecraft:golden_helmet":1,"gobber2:gobber2_foo":1,"minecraft:iron_helmet":1,"minecraft:cobblestone":3,"minecraft:apple":2,"minecraft:copper_ingot":3,"minecraft:coal":7,"minecraft:stick":2,"minecraft:torch":1,"minecraft:wooden_hoe":1,"minecraft:wooden_axe":1,"minecraft:rabbit":1,"minecraft:sweet_berries":1,"minecraft:coarse_dirt":1,"minecraft:iron_boots":1,"minecraft:potato":30,"minecraft:peony":12,"minecraft:wooden_shovel":1,"minecraft:stone_pickaxe":1,"minecraft:wooden_pickaxe":1,"minecraft:magma_block":1,"jeg:pistol_ammo":5},"minecraft:killed":{"minecraft:zombified_piglin":24,"minecraft:spider":3,"minecraft:skeleton":2,"minecraft:chicken":3,"minecraft:piglin":1,"minecraft:zombie_villager":1,"minecraft:creeper":2,"minecraft:sheep":3,"minecraft:pillager":1,"minecraft:zombie":25,"minecraft:ghast":1,"minecraft:cow":4,"midnightlurker:midnight_lurker_aggressive":1,"minecraft:horse":9},"minecraft:used":{"gobber2:gobber2_goo":7,"gobber2:gobber2_gooey_bread":17,"minecraft:chest":3,"minecraft:shield":45,"minecraft:iron_sword":401,"minecraft:iron_chestplate":1,"funmod:soul_stealer":5,"minecraft:carrot":10,"minecraft:obsidian":12,"minecraft:glass":3,"minecraft:lava_bucket":2,"minecraft:iron_helmet":1,"minecraft:golden_sword":33,"minecraft:sweet_berries":13,"minecraft:furnace":7,"jeg:revolver":42,"minecraft:egg":2,"minecraft:potato":21,"minecraft:diorite":1,"minecraft:stone_pickaxe":131,"minecraft:blackstone":2,"minecraft:wooden_pickaxe":17,"jeg:assault_rifle":242,"minecraft:blue_bed":12,"minecraft:golden_hoe":4,"minecraft:sand":72,"minecraft:crossbow":15,"gobber2:gobber2_gooey_bread_nether":1,"gobber2:gobber2_gooey_beefstew":9,"minecraft:bread":18,"minecraft:wooden_sword":76,"minecraft:andesite":15,"minecraft:bone_meal":2,"minecraft:flint_and_steel":5,"minecraft:spruce_planks":2,"jeg:holy_shotgun":12,"minecraft:wooden_shovel":66,"minecraft:cooked_chicken":2,"minecraft:netherrack":143,"minecraft:oak_door":4,"minecraft:torch":253,"minecraft:dirt":74,"minecraft:warped_wart_block":3,"minecraft:polished_diorite":1,"minecraft:shroomlight":3,"minecraft:wooden_axe":15,"minecraft:oak_stairs":1,"gobber2:gobber2_gooey_beef":21,"minecraft:basalt":29,"minecraft:cooked_beef":9,"minecraft:cobbled_deepslate":58,"minecraft:iron_leggings":1,"minecraft:wheat_seeds":5,"minecraft:cooked_mutton":4,"minecraft:water_bucket":6,"minecraft:glass_bottle":16,"minecraft:baked_potato":12,"minecraft:oak_slab":2,"minecraft:crafting_table":13,"minecraft:white_bed":7,"minecraft:campfire":2,"minecraft:wooden_hoe":2,"minecraft:diamond_pickaxe":820,"minecraft:apple":2,"minecraft:chicken":1,"minecraft:iron_pickaxe":1000,"jeg:scrap_workbench":3,"minecraft:stone_axe":85,"minecraft:cobblestone":262,"minecraft:potion":16,"minecraft:purple_bed":5,"minecraft:bucket":8,"jeg:blossom_rifle":168,"minecraft:yellow_bed":1,"minecraft:dandelion":2,"gobber2:gobber2_gooey_beef_nether":1},"minecraft:custom":{"minecraft:interact_with_crafting_table":123,"minecraft:open_barrel":4,"minecraft:leave_game":33,"minecraft:time_since_death":51760,"minecraft:sprint_one_cm":431095,"minecraft:damage_blocked_by_shield":2390,"minecraft:drop":81,"minecraft:talked_to_villager":10,"minecraft:play_time":940566,"minecraft:deaths":15,"minecraft:jump":5970,"minecraft:walk_on_water_one_cm":37784,"minecraft:interact_with_furnace":173,"minecraft:traded_with_villager":2,"minecraft:sleep_in_bed":37,"minecraft:damage_dealt":16898,"minecraft:crouch_one_cm":5382,"minecraft:interact_with_smithing_table":1,"minecraft:mob_kills":92,"minecraft:climb_one_cm":6117,"minecraft:walk_one_cm":3614655,"minecraft:damage_dealt_absorbed":78,"minecraft:sneak_time":7620,"minecraft:walk_under_water_one_cm":18547,"minecraft:total_world_time":940566,"minecraft:time_since_rest":51792,"minecraft:damage_taken":7070,"minecraft:swim_one_cm":39986,"minecraft:fly_one_cm":199231,"minecraft:open_chest":241,"minecraft:fall_one_cm":87490},"minecraft:killed_by":{"midnightlurker:midnight_lurker_aggressive":2,"minecraft:zombified_piglin":2,"minecraft:creeper":1,"sanitydim:rotting_stalker":1,"minecraft:zombie":3,"minecraft:player":2},"minecraft:picked_up":{"minecraft:wheat":3,"minecraft:chainmail_boots":1,"minecraft:oak_stairs":1,"minecraft:golden_sword":1,"minecraft:string":20,"minecraft:raw_copper":24,"minecraft:armor_stand":1,"minecraft:experience_bottle":3,"minecraft:shroomlight":3,"jeg:revolver":1,"minecraft:gold_nugget":154,"minecraft:cobbled_deepslate":464,"minecraft:spruce_planks":2,"minecraft:iron_pickaxe":7,"minecraft:furnace":7,"minecraft:stick":6,"jeg:pistol_ammo":20,"minecraft:torch":47,"funmod:joy_shard":2,"minecraft:pointed_dripstone":4,"minecraft:diorite":44,"funmod:uranium_ore":1,"gobber2:gobber2_foo":6,"minecraft:rotten_flesh":34,"minecraft:obsidian":12,"minecraft:iron_bars":1,"minecraft:cobblestone":341,"minecraft:magma_block":1,"minecraft:feather":2,"minecraft:cooked_beef":1,"minecraft:andesite":18,"minecraft:smoker":1,"minecraft:potato":19,"minecraft:flint":4,"gobber2:gobber2_gooey_bread_nether":1,"jeg:scrap":109,"minecraft:dirt":97,"minecraft:lapis_lazuli":13,"minecraft:lantern":1,"minecraft:bone":2,"gobber2:gobber2_gooey_beef":11,"minecraft:wheat_seeds":27,"minecraft:raw_gold":21,"minecraft:rabbit":1,"minecraft:oak_planks":72,"gobber2:gobber2_gooey_bread":18,"jeg:assault_rifle":1,"minecraft:warped_wart_block":3,"minecraft:sand":122,"minecraft:spectral_arrow":7,"funmod:demonite_ore":1,"minecraft:diamond":51,"minecraft:writable_book":1,"minecraft:granite":32,"minecraft:bread":4,"minecraft:emerald":14,"minecraft:oak_sapling":3,"minecraft:netherrack":261,"gobber2:gobber2_goo":13,"minecraft:diamond_pickaxe":1,"funmod:insanity_shard":2,"minecraft:crafting_table":10,"minecraft:charcoal":11,"minecraft:coarse_dirt":1,"minecraft:splash_potion":1,"minecraft:chicken":3,"minecraft:turtle_helmet":1,"jeg:scrap_workbench":1,"gravestone:obituary":9,"minecraft:oak_trapdoor":1,"minecraft:item_frame":4,"minecraft:blackstone":3,"minecraft:beef":10,"minecraft:chest":2,"minecraft:birch_sapling":1,"minecraft:egg":6,"minecraft:raw_iron":104,"minecraft:sandstone":4,"minecraft:oak_door":3,"minecraft:redstone":50,"minecraft:arrow":7,"minecraft:peony":12,"gobber2:gobber2_gooey_beef_nether":1,"minecraft:gold_ingot":2,"blue_skies:moonstone_shard":3,"minecraft:mutton":3,"jeg:raw_brimstone":27,"minecraft:white_wool":3,"minecraft:basalt":128,"gobber2:gobber2_gooey_beefstew":5,"minecraft:leather":10,"minecraft:oak_log":44,"minecraft:yellow_bed":1,"minecraft:gunpowder":11,"minecraft:blue_bed":13,"minecraft:cooked_mutton":1,"minecraft:iron_ingot":11,"minecraft:stone_pickaxe":1,"minecraft:glass_bottle":2,"minecraft:iron_sword":1,"jeg:tech_trash":9,"minecraft:scaffolding":4,"minecraft:oak_slab":2,"minecraft:pumpkin":12,"minecraft:sweet_berries":1,"minecraft:quartz":4,"minecraft:dandelion":3,"minecraft:dripstone_block":15,"minecraft:gravel":25,"minecraft:white_bed":9,"minecraft:spruce_log":6,"minecraft:spider_eye":2,"funmod:l_essence_of_greed":20,"minecraft:purple_bed":6,"minecraft:polished_diorite":3,"minecraft:stone_axe":1,"minecraft:chainmail_leggings":1,"minecraft:coal":130},"minecraft:crafted":{"minecraft:oak_planks":108,"minecraft:cooked_chicken":2,"minecraft:cooked_mutton":3,"minecraft:glass":28,"minecraft:diamond_helmet":2,"minecraft:diamond_leggings":1,"minecraft:iron_boots":1,"minecraft:chest":2,"minecraft:glass_bottle":6,"blue_skies:blue_journal":2,"minecraft:wooden_shovel":1,"sophisticatedbackpacks:backpack":1,"minecraft:crafting_table":3,"minecraft:spruce_planks":24,"minecraft:wooden_pickaxe":1,"minecraft:baked_potato":11,"minecraft:iron_helmet":1,"minecraft:clock":1,"minecraft:copper_ingot":136,"minecraft:campfire":2,"jeg:brimstone_crystal":17,"minecraft:wooden_hoe":1,"minecraft:iron_chestplate":1,"minecraft:charcoal":9,"minecraft:diamond_pickaxe":2,"minecraft:shield":1,"sophisticatedbackpacks:diamond_backpack":1,"minecraft:stick":160,"minecraft:iron_ingot":135,"minecraft:iron_pickaxe":3,"minecraft:gold_ingot":15,"minecraft:shears":1,"minecraft:wooden_sword":1,"minecraft:oak_door":3,"minecraft:furnace":1,"minecraft:bone_meal":3,"jeg:scrap_workbench":1,"minecraft:stone_pickaxe":1,"minecraft:diamond_boots":1,"minecraft:dark_oak_planks":28,"sophisticatedbackpacks:iron_backpack":1,"minecraft:cooked_beef":10,"minecraft:crossbow":2,"minecraft:diamond_sword":1,"minecraft:iron_sword":3,"sophisticatedbackpacks:gold_backpack":1,"minecraft:bucket":2,"minecraft:stone_axe":1,"minecraft:bread":2,"jeg:scrap_block":1,"minecraft:wooden_axe":1,"minecraft:iron_leggings":1,"minecraft:white_bed":1,"minecraft:torch":212,"minecraft:diamond_chestplate":1},"minecraft:mined":{"jeg:brimstone_ore":3,"minecraft:spruce_planks":2,"minecraft:white_bed":6,"minecraft:sculk_vein":1,"minecraft:obsidian":12,"minecraft:granite":33,"minecraft:grass_block":36,"gobber2:gobber2_lucky_block":54,"minecraft:polished_diorite":3,"minecraft:magma_block":1,"minecraft:iron_ore":87,"minecraft:cobbled_deepslate":20,"minecraft:fire":22,"minecraft:pumpkin":6,"minecraft:deepslate_lapis_ore":1,"minecraft:dark_oak_stairs":1,"minecraft:pointed_dripstone":7,"minecraft:oak_stairs":1,"minecraft:iron_bars":1,"funmod:uranium_ore":1,"minecraft:deepslate_redstone_ore":10,"minecraft:blackstone":3,"minecraft:smoker":1,"minecraft:torch":20,"minecraft:poppy":1,"gobber2:gobber2_lucky_block_nether":2,"minecraft:chest":2,"minecraft:nether_quartz_ore":4,"minecraft:cobblestone":74,"minecraft:wall_torch":21,"minecraft:warped_nylium":1,"funmod:demonite_ore":1,"minecraft:wheat":4,"minecraft:grass":33,"minecraft:oak_log":44,"minecraft:sand":114,"minecraft:dirt":78,"minecraft:netherrack":306,"minecraft:oak_leaves":8,"minecraft:deepslate":452,"minecraft:nether_gold_ore":22,"minecraft:deepslate_diamond_ore":51,"minecraft:oak_door":2,"gravestone:gravestone":12,"minecraft:white_stained_glass":4,"minecraft:spruce_leaves":3,"minecraft:sandstone":4,"minecraft:large_fern":1,"minecraft:redstone_ore":2,"minecraft:oak_trapdoor":1,"minecraft:furnace":7,"minecraft:andesite":19,"minecraft:peony":8,"funmod:joy_ore":2,"minecraft:deepslate_iron_ore":9,"minecraft:shroomlight":3,"minecraft:stone":288,"minecraft:oak_slab":1,"jeg:scrap_ore":39,"minecraft:glass_pane":30,"funmod:insanity_ore":2,"toughasnails:water_purifier":3,"minecraft:basalt":132,"jeg:basalt_brimstone_ore":26,"minecraft:dandelion":4,"minecraft:crafting_table":11,"minecraft:emerald_ore":1,"minecraft:sculk_sensor":1,"minecraft:campfire":3,"minecraft:tall_grass":5,"minecraft:copper_ore":7,"minecraft:lapis_ore":1,"minecraft:deepslate_gold_ore":17,"minecraft:diorite":53,"minecraft:blue_bed":12,"minecraft:warped_wart_block":4,"jeg:deepslate_scrap_ore":9,"jeg:scrap_workbench":1,"minecraft:purple_bed":5,"minecraft:coarse_dirt":1,"minecraft:sweet_berry_bush":1,"minecraft:spruce_log":6,"gobber2:gobber2_lucky_block_deepslate":1,"minecraft:yellow_bed":1,"minecraft:coal_ore":73,"minecraft:dripstone_block":17,"minecraft:gravel":28,"minecraft:cobweb":20,"minecraft:gold_ore":5}},"DataVersion":3120}