{"stats":{"minecraft:mined":{"minecraft:grass":13,"minecraft:oak_log":21,"minecraft:sand":38,"minecraft:dandelion":1,"minecraft:oak_leaves":2,"minecraft:crafting_table":1},"minecraft:crafted":{"minecraft:wooden_sword":1,"minecraft:oak_planks":84,"minecraft:wooden_shovel":1,"minecraft:crafting_table":1,"minecraft:stick":32,"minecraft:wooden_pickaxe":1,"minecraft:wooden_axe":1},"minecraft:custom":{"minecraft:time_since_rest":9667,"minecraft:play_time":9667,"minecraft:sprint_one_cm":4747,"minecraft:damage_taken":20,"minecraft:walk_one_cm":60337,"minecraft:jump":73,"minecraft:leave_game":2,"minecraft:time_since_death":9667,"minecraft:walk_on_water_one_cm":104,"minecraft:total_world_time":9667,"minecraft:interact_with_crafting_table":1,"minecraft:fall_one_cm":670,"minecraft:fly_one_cm":227},"minecraft:used":{"minecraft:wooden_axe":1,"minecraft:crafting_table":1,"minecraft:wooden_shovel":52},"minecraft:picked_up":{"minecraft:crafting_table":1,"minecraft:wheat_seeds":1,"minecraft:dandelion":1,"minecraft:sand":37,"minecraft:oak_log":21}},"DataVersion":3120}