{"stats":{"minecraft:dropped":{"minecraft:bread":8,"minecraft:sweet_berries":1,"minecraft:wheat_seeds":4,"minecraft:glass_bottle":4,"jeg:scrap":1,"minecraft:white_bed":3,"minecraft:item_frame":4,"minecraft:dirt":12,"minecraft:potato":30,"minecraft:wooden_hoe":1,"minecraft:peony":12,"minecraft:wooden_shovel":1,"minecraft:wooden_pickaxe":1,"minecraft:iron_pickaxe":2},"minecraft:mined":{"minecraft:white_bed":3,"jeg:scrap_ore":8,"minecraft:smoker":1,"minecraft:dandelion":2,"minecraft:crafting_table":3,"minecraft:torch":4,"minecraft:grass_block":11,"minecraft:chest":1,"gobber2:gobber2_lucky_block":23,"minecraft:tall_grass":3,"minecraft:copper_ore":1,"minecraft:cobblestone":6,"minecraft:spruce_leaves":1,"minecraft:blue_bed":8,"minecraft:wall_torch":6,"minecraft:purple_bed":1,"minecraft:oak_trapdoor":1,"minecraft:furnace":2,"minecraft:iron_ore":13,"minecraft:fire":2,"minecraft:pumpkin":6,"minecraft:peony":8,"minecraft:grass":26,"minecraft:oak_log":21,"minecraft:coal_ore":31,"minecraft:sand":105,"minecraft:dirt":36,"minecraft:cobweb":4,"minecraft:stone":34,"minecraft:oak_leaves":2},"minecraft:crafted":{"minecraft:glass_bottle":6,"minecraft:wooden_sword":1,"blue_skies:blue_journal":1,"minecraft:oak_planks":84,"minecraft:wooden_shovel":1,"minecraft:crafting_table":3,"minecraft:wooden_pickaxe":1,"minecraft:cooked_chicken":2,"minecraft:furnace":1,"minecraft:cooked_mutton":3,"jeg:scrap_block":1,"minecraft:glass":14,"minecraft:wooden_hoe":1,"jeg:scrap_workbench":1,"minecraft:stick":32,"minecraft:iron_ingot":4,"minecraft:iron_pickaxe":1,"minecraft:stone_pickaxe":1,"minecraft:wooden_axe":1,"minecraft:chest":1,"minecraft:white_bed":1,"minecraft:torch":24},"minecraft:custom":{"minecraft:interact_with_furnace":24,"minecraft:mob_kills":13,"minecraft:traded_with_villager":1,"minecraft:interact_with_crafting_table":14,"minecraft:open_barrel":3,"minecraft:leave_game":5,"minecraft:time_since_death":149424,"minecraft:sleep_in_bed":8,"minecraft:climb_one_cm":1780,"minecraft:time_since_rest":10007,"minecraft:sprint_one_cm":102461,"minecraft:damage_taken":380,"minecraft:walk_one_cm":944542,"minecraft:drop":27,"minecraft:damage_dealt":1601,"minecraft:swim_one_cm":26358,"minecraft:fly_one_cm":19654,"minecraft:talked_to_villager":3,"minecraft:open_chest":7,"minecraft:play_time":149424,"minecraft:walk_under_water_one_cm":4676,"minecraft:jump":1452,"minecraft:walk_on_water_one_cm":13273,"minecraft:total_world_time":149424,"minecraft:fall_one_cm":14632},"minecraft:used":{"minecraft:cooked_mutton":3,"minecraft:wheat_seeds":1,"gobber2:gobber2_goo":2,"minecraft:glass_bottle":15,"minecraft:stone_pickaxe":32,"gobber2:gobber2_gooey_bread":5,"minecraft:chest":2,"minecraft:wooden_pickaxe":17,"minecraft:blue_bed":6,"minecraft:wooden_shovel":66,"minecraft:cooked_chicken":2,"minecraft:torch":25,"minecraft:sand":68,"minecraft:dirt":28,"minecraft:crafting_table":5,"minecraft:white_bed":4,"minecraft:wooden_hoe":2,"minecraft:wooden_axe":15,"gobber2:gobber2_gooey_beefstew":1,"minecraft:iron_pickaxe":72,"jeg:scrap_workbench":1,"gobber2:gobber2_gooey_beef":9,"minecraft:wooden_sword":76,"minecraft:cobblestone":12,"minecraft:potion":14,"minecraft:furnace":3,"minecraft:egg":1,"minecraft:potato":4,"minecraft:dandelion":2},"minecraft:picked_up":{"minecraft:crafting_table":2,"minecraft:feather":2,"minecraft:chicken":2,"gobber2:gobber2_gooey_beefstew":1,"minecraft:leather":4,"minecraft:smoker":1,"minecraft:potato":17,"minecraft:oak_log":21,"jeg:scrap":17,"minecraft:string":4,"minecraft:blue_bed":8,"minecraft:dirt":40,"minecraft:item_frame":4,"gobber2:gobber2_gooey_beef":9,"minecraft:wheat_seeds":13,"minecraft:beef":6,"minecraft:iron_pickaxe":2,"minecraft:glass_bottle":1,"jeg:tech_trash":1,"minecraft:oak_planks":72,"minecraft:chest":1,"gobber2:gobber2_gooey_bread":5,"minecraft:egg":3,"minecraft:furnace":2,"minecraft:scaffolding":2,"minecraft:raw_iron":13,"minecraft:pumpkin":6,"minecraft:sweet_berries":1,"minecraft:torch":12,"minecraft:dandelion":2,"minecraft:sand":113,"minecraft:white_bed":6,"minecraft:spider_eye":1,"gobber2:gobber2_foo":3,"minecraft:purple_bed":1,"minecraft:rotten_flesh":5,"minecraft:peony":12,"minecraft:writable_book":1,"minecraft:bread":4,"minecraft:mutton":3,"minecraft:coal":31,"gobber2:gobber2_goo":5,"minecraft:white_wool":3,"minecraft:cobblestone":24},"minecraft:killed":{"minecraft:sheep":3,"minecraft:horse":5,"minecraft:chicken":2,"minecraft:cow":2}},"DataVersion":3120}