{"stats":{"minecraft:broken":{"minecraft:golden_sword":1,"minecraft:iron_pickaxe":1},"minecraft:dropped":{"minecraft:bread":8,"minecraft:iron_ingot":45,"minecraft:iron_sword":2,"minecraft:wheat_seeds":4,"minecraft:cooked_beef":2,"gobber2:gobber2_foo":1,"minecraft:glass_bottle":6,"minecraft:crossbow":1,"minecraft:cobblestone":3,"minecraft:apple":2,"jeg:scrap":1,"minecraft:copper_ingot":3,"minecraft:coal":7,"minecraft:item_frame":4,"minecraft:stick":2,"minecraft:dirt":12,"blue_skies:blue_journal":1,"minecraft:wooden_hoe":1,"minecraft:torch":1,"minecraft:wooden_axe":1,"minecraft:gold_nugget":55,"gravestone:obituary":4,"minecraft:wooden_sword":1,"minecraft:iron_pickaxe":6,"minecraft:gold_ingot":3,"minecraft:bone":1,"minecraft:gravel":17,"minecraft:stone_axe":1,"minecraft:sweet_berries":1,"minecraft:blackstone":1,"minecraft:coarse_dirt":1,"minecraft:pointed_dripstone":4,"minecraft:white_bed":3,"minecraft:carrot":2,"minecraft:potato":30,"minecraft:peony":12,"funmod:l_essence_of_greed":1,"minecraft:wooden_shovel":1,"jeg:assault_rifle":1,"minecraft:wooden_pickaxe":1,"jeg:pistol_ammo":5},"minecraft:killed":{"minecraft:spider":3,"midnightlurker:midnight_lurker_aggressive":1,"minecraft:horse":9,"minecraft:skeleton":2,"minecraft:chicken":3,"minecraft:piglin":1,"minecraft:zombie_villager":1,"minecraft:creeper":2,"minecraft:pillager":1,"minecraft:sheep":3,"minecraft:zombie":25,"minecraft:ghast":1,"minecraft:cow":4},"minecraft:used":{"gobber2:gobber2_goo":7,"minecraft:flint_and_steel":5,"minecraft:chest":3,"gobber2:gobber2_gooey_bread":17,"minecraft:spruce_planks":2,"minecraft:shield":45,"minecraft:iron_sword":253,"minecraft:wooden_shovel":66,"jeg:holy_shotgun":12,"minecraft:cooked_chicken":2,"minecraft:netherrack":34,"minecraft:dirt":74,"minecraft:iron_chestplate":1,"minecraft:oak_door":4,"minecraft:torch":241,"funmod:soul_stealer":5,"minecraft:warped_wart_block":2,"minecraft:carrot":10,"minecraft:lava_bucket":2,"minecraft:obsidian":12,"minecraft:glass":3,"minecraft:shroomlight":2,"minecraft:wooden_axe":15,"minecraft:oak_stairs":1,"minecraft:iron_helmet":1,"gobber2:gobber2_gooey_beef":15,"minecraft:golden_sword":31,"minecraft:sweet_berries":13,"minecraft:furnace":5,"jeg:revolver":42,"minecraft:egg":2,"minecraft:potato":21,"minecraft:cooked_beef":9,"minecraft:cobbled_deepslate":51,"minecraft:iron_leggings":1,"minecraft:cooked_mutton":3,"minecraft:water_bucket":6,"minecraft:diorite":1,"minecraft:wheat_seeds":5,"minecraft:baked_potato":5,"minecraft:glass_bottle":16,"minecraft:stone_pickaxe":32,"minecraft:wooden_pickaxe":17,"minecraft:blue_bed":11,"jeg:assault_rifle":242,"minecraft:golden_hoe":4,"minecraft:sand":72,"minecraft:oak_slab":2,"minecraft:crafting_table":9,"minecraft:crossbow":15,"minecraft:white_bed":7,"minecraft:campfire":2,"gobber2:gobber2_gooey_bread_nether":1,"minecraft:wooden_hoe":2,"minecraft:diamond_pickaxe":242,"minecraft:apple":2,"minecraft:chicken":1,"gobber2:gobber2_gooey_beefstew":9,"minecraft:iron_pickaxe":709,"minecraft:bread":12,"minecraft:stone_axe":35,"jeg:scrap_workbench":3,"minecraft:wooden_sword":76,"minecraft:purple_bed":5,"minecraft:potion":16,"minecraft:cobblestone":240,"minecraft:andesite":15,"minecraft:bucket":8,"jeg:blossom_rifle":168,"minecraft:dandelion":2,"minecraft:bone_meal":2},"minecraft:killed_by":{"midnightlurker:midnight_lurker_aggressive":2,"minecraft:player":2,"minecraft:creeper":1,"minecraft:zombie":2},"minecraft:custom":{"minecraft:mob_kills":62,"minecraft:interact_with_crafting_table":105,"minecraft:open_barrel":3,"minecraft:leave_game":32,"minecraft:time_since_death":31023,"minecraft:climb_one_cm":2936,"minecraft:damage_blocked_by_shield":2390,"minecraft:sprint_one_cm":408863,"minecraft:walk_one_cm":3137367,"minecraft:drop":72,"minecraft:talked_to_villager":7,"minecraft:play_time":832679,"minecraft:deaths":11,"minecraft:sneak_time":4588,"minecraft:walk_under_water_one_cm":18547,"minecraft:jump":5440,"minecraft:walk_on_water_one_cm":37707,"minecraft:total_world_time":832679,"minecraft:interact_with_furnace":158,"minecraft:traded_with_villager":2,"minecraft:sleep_in_bed":35,"minecraft:time_since_rest":17292,"minecraft:damage_taken":5069,"minecraft:damage_dealt":10894,"minecraft:swim_one_cm":39986,"minecraft:fly_one_cm":176551,"minecraft:open_chest":206,"minecraft:crouch_one_cm":3931,"minecraft:fall_one_cm":64729},"minecraft:picked_up":{"minecraft:charcoal":11,"minecraft:coarse_dirt":1,"minecraft:crafting_table":6,"minecraft:wheat":3,"minecraft:splash_potion":1,"minecraft:chicken":3,"minecraft:oak_stairs":1,"jeg:scrap_workbench":1,"gravestone:obituary":7,"minecraft:oak_trapdoor":1,"minecraft:string":20,"minecraft:raw_copper":8,"minecraft:item_frame":4,"minecraft:blackstone":1,"minecraft:shroomlight":3,"jeg:revolver":1,"minecraft:gold_nugget":140,"minecraft:cobbled_deepslate":82,"minecraft:spruce_planks":2,"minecraft:beef":10,"minecraft:iron_pickaxe":7,"minecraft:chest":2,"minecraft:birch_sapling":1,"minecraft:furnace":4,"minecraft:egg":6,"minecraft:raw_iron":78,"minecraft:stick":6,"minecraft:oak_door":3,"jeg:pistol_ammo":20,"minecraft:torch":39,"minecraft:pointed_dripstone":4,"minecraft:diorite":16,"minecraft:redstone":50,"gobber2:gobber2_foo":6,"minecraft:arrow":5,"minecraft:rotten_flesh":31,"minecraft:peony":12,"minecraft:gold_ingot":1,"blue_skies:moonstone_shard":3,"minecraft:obsidian":12,"minecraft:mutton":3,"jeg:raw_brimstone":12,"minecraft:iron_bars":1,"minecraft:white_wool":3,"minecraft:cobblestone":251,"minecraft:magma_block":1,"minecraft:feather":2,"minecraft:cooked_beef":1,"minecraft:andesite":16,"minecraft:leather":10,"gobber2:gobber2_gooey_beefstew":5,"minecraft:smoker":1,"minecraft:potato":19,"minecraft:flint":2,"minecraft:oak_log":44,"jeg:scrap":97,"gobber2:gobber2_gooey_bread_nether":1,"minecraft:gunpowder":7,"minecraft:lapis_lazuli":7,"minecraft:blue_bed":13,"minecraft:dirt":96,"minecraft:bone":1,"gobber2:gobber2_gooey_beef":11,"minecraft:wheat_seeds":27,"minecraft:raw_gold":6,"minecraft:iron_ingot":9,"minecraft:glass_bottle":2,"gobber2:gobber2_gooey_bread":18,"minecraft:iron_sword":1,"minecraft:oak_planks":72,"jeg:tech_trash":9,"minecraft:scaffolding":4,"minecraft:oak_slab":2,"jeg:assault_rifle":1,"minecraft:pumpkin":12,"minecraft:sweet_berries":1,"minecraft:warped_wart_block":2,"minecraft:quartz":2,"minecraft:dandelion":3,"minecraft:dripstone_block":15,"minecraft:gravel":21,"minecraft:sand":113,"minecraft:white_bed":9,"minecraft:spruce_log":6,"minecraft:spectral_arrow":7,"minecraft:spider_eye":2,"funmod:l_essence_of_greed":11,"minecraft:purple_bed":6,"minecraft:diamond":4,"minecraft:stone_axe":1,"minecraft:writable_book":1,"minecraft:emerald":3,"minecraft:bread":4,"minecraft:oak_sapling":3,"minecraft:netherrack":156,"minecraft:coal":122,"gobber2:gobber2_goo":13},"minecraft:crafted":{"minecraft:wooden_sword":1,"minecraft:oak_door":3,"minecraft:oak_planks":108,"minecraft:cooked_chicken":2,"minecraft:furnace":1,"minecraft:bone_meal":3,"minecraft:cooked_mutton":3,"minecraft:glass":28,"minecraft:iron_boots":1,"jeg:scrap_workbench":1,"minecraft:stone_pickaxe":1,"minecraft:chest":2,"minecraft:dark_oak_planks":28,"minecraft:cooked_beef":10,"minecraft:glass_bottle":6,"blue_skies:blue_journal":2,"minecraft:crossbow":2,"minecraft:wooden_shovel":1,"sophisticatedbackpacks:backpack":1,"minecraft:crafting_table":3,"minecraft:spruce_planks":24,"minecraft:iron_helmet":1,"minecraft:wooden_pickaxe":1,"minecraft:baked_potato":4,"minecraft:iron_sword":2,"minecraft:clock":1,"minecraft:copper_ingot":136,"minecraft:bucket":2,"minecraft:campfire":2,"minecraft:stone_axe":1,"minecraft:bread":2,"jeg:scrap_block":1,"jeg:brimstone_crystal":17,"minecraft:iron_chestplate":1,"minecraft:wooden_hoe":1,"minecraft:diamond_pickaxe":1,"minecraft:charcoal":9,"minecraft:shield":1,"minecraft:stick":160,"minecraft:iron_ingot":119,"minecraft:iron_pickaxe":2,"minecraft:wooden_axe":1,"minecraft:iron_leggings":1,"minecraft:gold_ingot":15,"minecraft:white_bed":1,"minecraft:torch":204,"minecraft:shears":1},"minecraft:mined":{"minecraft:nether_gold_ore":19,"jeg:brimstone_ore":3,"minecraft:spruce_planks":2,"minecraft:white_bed":6,"minecraft:oak_door":2,"minecraft:deepslate_diamond_ore":4,"minecraft:sculk_vein":1,"minecraft:obsidian":12,"minecraft:granite":1,"gravestone:gravestone":8,"minecraft:grass_block":36,"gobber2:gobber2_lucky_block":54,"minecraft:spruce_leaves":3,"minecraft:large_fern":1,"minecraft:oak_trapdoor":1,"minecraft:redstone_ore":2,"minecraft:magma_block":1,"minecraft:furnace":4,"minecraft:iron_ore":65,"minecraft:fire":15,"minecraft:cobbled_deepslate":20,"minecraft:andesite":17,"minecraft:pumpkin":6,"minecraft:peony":8,"minecraft:pointed_dripstone":7,"minecraft:shroomlight":3,"minecraft:deepslate_iron_ore":9,"minecraft:oak_stairs":1,"minecraft:iron_bars":1,"minecraft:stone":201,"minecraft:deepslate_redstone_ore":10,"minecraft:oak_slab":1,"minecraft:glass_pane":2,"jeg:scrap_ore":39,"minecraft:blackstone":1,"toughasnails:water_purifier":3,"minecraft:smoker":1,"minecraft:basalt":1,"minecraft:dandelion":4,"jeg:basalt_brimstone_ore":11,"minecraft:crafting_table":7,"minecraft:torch":19,"minecraft:emerald_ore":1,"minecraft:poppy":1,"gobber2:gobber2_lucky_block_nether":1,"minecraft:chest":2,"minecraft:sculk_sensor":1,"minecraft:campfire":3,"minecraft:nether_quartz_ore":2,"minecraft:copper_ore":3,"minecraft:tall_grass":5,"minecraft:cobblestone":71,"minecraft:deepslate_gold_ore":1,"minecraft:lapis_ore":1,"minecraft:blue_bed":12,"minecraft:wall_torch":14,"minecraft:diorite":25,"minecraft:warped_wart_block":3,"jeg:deepslate_scrap_ore":5,"minecraft:purple_bed":5,"jeg:scrap_workbench":1,"minecraft:warped_nylium":1,"minecraft:coarse_dirt":1,"minecraft:sweet_berry_bush":1,"minecraft:wheat":4,"minecraft:spruce_log":6,"gobber2:gobber2_lucky_block_deepslate":1,"minecraft:grass":33,"minecraft:coal_ore":73,"minecraft:oak_log":44,"minecraft:gravel":22,"minecraft:dirt":77,"minecraft:sand":105,"minecraft:dripstone_block":17,"minecraft:cobweb":20,"minecraft:netherrack":179,"minecraft:gold_ore":5,"minecraft:oak_leaves":7,"minecraft:deepslate":66}},"DataVersion":3120}