{"stats":{"minecraft:dropped":{"minecraft:iron_ingot":15,"minecraft:bread":8,"toughasnails:water_canteen":1,"minecraft:wheat_seeds":4,"minecraft:glass_bottle":4,"minecraft:cobblestone":2,"minecraft:apple":2,"jeg:scrap":1,"minecraft:copper_ingot":3,"minecraft:item_frame":4,"minecraft:stick":2,"minecraft:dirt":12,"minecraft:wooden_hoe":1,"minecraft:wooden_axe":1,"minecraft:wooden_sword":1,"minecraft:iron_pickaxe":4,"minecraft:stone_axe":1,"minecraft:sweet_berries":1,"minecraft:coarse_dirt":1,"minecraft:pointed_dripstone":4,"minecraft:white_bed":3,"minecraft:potato":30,"minecraft:peony":12,"minecraft:wooden_shovel":1,"minecraft:wooden_pickaxe":1},"minecraft:mined":{"jeg:brimstone_ore":2,"minecraft:white_bed":6,"minecraft:deepslate_diamond_ore":4,"minecraft:oak_door":2,"gravestone:gravestone":2,"minecraft:granite":1,"minecraft:grass_block":21,"gobber2:gobber2_lucky_block":50,"minecraft:spruce_leaves":1,"minecraft:redstone_ore":2,"minecraft:oak_trapdoor":1,"minecraft:furnace":4,"minecraft:cobbled_deepslate":4,"minecraft:iron_ore":59,"minecraft:fire":2,"minecraft:andesite":13,"minecraft:pumpkin":6,"minecraft:peony":8,"minecraft:pointed_dripstone":7,"minecraft:deepslate_iron_ore":9,"minecraft:iron_bars":1,"minecraft:stone":183,"minecraft:deepslate_redstone_ore":3,"jeg:scrap_ore":39,"toughasnails:water_purifier":3,"minecraft:smoker":1,"minecraft:dandelion":4,"minecraft:crafting_table":6,"minecraft:torch":11,"minecraft:emerald_ore":1,"minecraft:poppy":1,"minecraft:chest":2,"minecraft:campfire":3,"minecraft:tall_grass":5,"minecraft:copper_ore":3,"minecraft:cobblestone":38,"minecraft:deepslate_gold_ore":1,"minecraft:lapis_ore":1,"minecraft:diorite":25,"minecraft:wall_torch":10,"minecraft:blue_bed":11,"jeg:deepslate_scrap_ore":5,"minecraft:purple_bed":5,"jeg:scrap_workbench":1,"minecraft:coarse_dirt":1,"minecraft:wheat":1,"minecraft:spruce_log":6,"gobber2:gobber2_lucky_block_deepslate":1,"minecraft:grass":33,"minecraft:oak_log":37,"minecraft:coal_ore":65,"minecraft:gravel":5,"minecraft:dripstone_block":17,"minecraft:sand":105,"minecraft:dirt":67,"minecraft:cobweb":4,"minecraft:gold_ore":5,"minecraft:oak_leaves":7,"minecraft:deepslate":64},"minecraft:crafted":{"minecraft:wooden_sword":1,"minecraft:oak_door":3,"minecraft:oak_planks":108,"minecraft:cooked_chicken":2,"minecraft:furnace":1,"minecraft:cooked_mutton":3,"minecraft:glass":28,"minecraft:iron_boots":1,"jeg:scrap_workbench":1,"minecraft:stone_pickaxe":1,"minecraft:chest":2,"minecraft:glass_bottle":6,"blue_skies:blue_journal":1,"minecraft:wooden_shovel":1,"sophisticatedbackpacks:backpack":1,"minecraft:crafting_table":3,"minecraft:spruce_planks":24,"minecraft:iron_helmet":1,"minecraft:baked_potato":4,"minecraft:wooden_pickaxe":1,"minecraft:iron_sword":1,"minecraft:copper_ingot":136,"minecraft:campfire":2,"minecraft:stone_axe":1,"jeg:scrap_block":1,"minecraft:diamond_pickaxe":1,"jeg:brimstone_crystal":2,"minecraft:iron_chestplate":1,"minecraft:wooden_hoe":1,"minecraft:charcoal":4,"toughasnails:water_purifier":1,"minecraft:shield":1,"minecraft:stick":104,"minecraft:iron_ingot":64,"minecraft:iron_pickaxe":2,"minecraft:wooden_axe":1,"minecraft:iron_leggings":1,"minecraft:white_bed":1,"minecraft:torch":200,"toughasnails:empty_canteen":1},"minecraft:killed_by":{"midnightlurker:midnight_lurker_aggressive":1,"minecraft:creeper":1},"minecraft:custom":{"minecraft:mob_kills":45,"minecraft:interact_with_crafting_table":76,"minecraft:open_barrel":3,"minecraft:leave_game":17,"minecraft:time_since_death":1870,"minecraft:climb_one_cm":2936,"minecraft:sprint_one_cm":242325,"minecraft:damage_blocked_by_shield":2170,"minecraft:walk_one_cm":2032840,"minecraft:drop":41,"minecraft:talked_to_villager":4,"minecraft:play_time":551193,"minecraft:deaths":3,"minecraft:sneak_time":2618,"minecraft:walk_under_water_one_cm":9483,"minecraft:jump":3846,"minecraft:walk_on_water_one_cm":22776,"minecraft:total_world_time":551193,"minecraft:interact_with_furnace":88,"minecraft:traded_with_villager":1,"minecraft:sleep_in_bed":24,"minecraft:time_since_rest":1906,"minecraft:damage_taken":2273,"minecraft:damage_dealt":8013,"minecraft:swim_one_cm":39986,"minecraft:fly_one_cm":93712,"minecraft:open_chest":104,"minecraft:crouch_one_cm":1214,"minecraft:fall_one_cm":40154},"minecraft:used":{"gobber2:gobber2_goo":7,"toughasnails:water_purifier":4,"minecraft:chest":3,"gobber2:gobber2_gooey_bread":17,"minecraft:shield":39,"minecraft:iron_sword":160,"minecraft:cooked_chicken":2,"minecraft:wooden_shovel":66,"minecraft:iron_chestplate":1,"minecraft:oak_door":4,"minecraft:torch":210,"minecraft:dirt":58,"toughasnails:empty_canteen":7,"minecraft:carrot":1,"minecraft:glass":3,"minecraft:wooden_axe":15,"minecraft:iron_helmet":1,"gobber2:gobber2_gooey_beef":11,"minecraft:golden_sword":9,"minecraft:furnace":5,"jeg:revolver":32,"minecraft:egg":2,"minecraft:potato":7,"minecraft:cobbled_deepslate":18,"minecraft:iron_leggings":1,"minecraft:wheat_seeds":1,"minecraft:cooked_mutton":3,"minecraft:diorite":1,"minecraft:glass_bottle":16,"minecraft:stone_pickaxe":32,"minecraft:baked_potato":5,"minecraft:wooden_pickaxe":17,"minecraft:blue_bed":10,"toughasnails:water_canteen":39,"minecraft:sand":72,"minecraft:crafting_table":8,"minecraft:white_bed":7,"minecraft:campfire":2,"minecraft:wooden_hoe":2,"minecraft:apple":2,"gobber2:gobber2_gooey_beefstew":4,"minecraft:chicken":1,"minecraft:iron_pickaxe":581,"minecraft:bread":10,"jeg:scrap_workbench":2,"minecraft:stone_axe":28,"minecraft:wooden_sword":76,"minecraft:cobblestone":160,"minecraft:potion":16,"minecraft:purple_bed":5,"toughasnails:purified_water_canteen":33,"minecraft:andesite":12,"minecraft:dandelion":2},"minecraft:broken":{"toughasnails:water_canteen":1,"minecraft:iron_pickaxe":1,"toughasnails:purified_water_canteen":6},"minecraft:picked_up":{"minecraft:crafting_table":5,"minecraft:charcoal":11,"minecraft:coarse_dirt":1,"minecraft:chicken":3,"jeg:scrap_workbench":1,"gravestone:obituary":2,"minecraft:string":5,"minecraft:raw_copper":8,"minecraft:item_frame":4,"jeg:revolver":1,"minecraft:cobbled_deepslate":68,"minecraft:beef":6,"minecraft:iron_pickaxe":5,"minecraft:chest":2,"minecraft:birch_sapling":1,"minecraft:furnace":4,"minecraft:egg":6,"minecraft:stick":6,"minecraft:raw_iron":72,"minecraft:oak_door":3,"jeg:pistol_ammo":5,"minecraft:torch":26,"minecraft:pointed_dripstone":4,"minecraft:diorite":16,"minecraft:redstone":18,"gobber2:gobber2_foo":4,"minecraft:arrow":2,"minecraft:rotten_flesh":28,"minecraft:peony":12,"blue_skies:moonstone_shard":3,"minecraft:mutton":3,"jeg:raw_brimstone":2,"minecraft:iron_bars":1,"minecraft:white_wool":3,"minecraft:cobblestone":201,"minecraft:feather":2,"minecraft:andesite":13,"gobber2:gobber2_gooey_beefstew":4,"minecraft:leather":8,"minecraft:smoker":1,"minecraft:potato":18,"minecraft:flint":1,"minecraft:oak_log":37,"jeg:scrap":97,"minecraft:gunpowder":2,"minecraft:lapis_lazuli":7,"minecraft:dirt":73,"minecraft:blue_bed":12,"gobber2:gobber2_gooey_beef":11,"minecraft:wheat_seeds":16,"minecraft:raw_gold":6,"minecraft:iron_ingot":9,"minecraft:glass_bottle":1,"jeg:tech_trash":9,"minecraft:oak_planks":72,"gobber2:gobber2_gooey_bread":17,"minecraft:scaffolding":4,"minecraft:pumpkin":12,"minecraft:sweet_berries":1,"minecraft:gravel":4,"minecraft:dripstone_block":15,"minecraft:dandelion":3,"minecraft:sand":113,"minecraft:white_bed":9,"minecraft:spruce_log":6,"minecraft:spider_eye":2,"toughasnails:water_purifier":3,"toughasnails:water_canteen":1,"minecraft:purple_bed":6,"minecraft:diamond":4,"minecraft:stone_axe":1,"minecraft:writable_book":1,"minecraft:emerald":3,"minecraft:bread":4,"minecraft:oak_sapling":3,"minecraft:coal":114,"gobber2:gobber2_goo":13},"minecraft:killed":{"minecraft:spider":2,"midnightlurker:midnight_lurker_aggressive":1,"minecraft:skeleton":1,"minecraft:horse":9,"minecraft:chicken":3,"minecraft:zombie_villager":1,"minecraft:creeper":1,"minecraft:sheep":3,"minecraft:zombie":20,"minecraft:cow":2}},"DataVersion":3120}