{"stats":{"minecraft:broken":{"minecraft:golden_sword":2,"minecraft:stone_axe":1,"minecraft:iron_sword":1,"minecraft:iron_pickaxe":1},"minecraft:dropped":{"minecraft:iron_sword":2,"minecraft:cooked_beef":2,"minecraft:glass_bottle":6,"minecraft:crossbow":1,"jeg:scrap":1,"minecraft:item_frame":4,"minecraft:dirt":12,"blue_skies:blue_journal":1,"gravestone:obituary":4,"minecraft:gold_nugget":55,"minecraft:wooden_sword":1,"minecraft:iron_pickaxe":6,"minecraft:gold_ingot":3,"minecraft:bone":1,"minecraft:gravel":17,"minecraft:stone_axe":1,"minecraft:blackstone":1,"minecraft:pointed_dripstone":4,"minecraft:white_bed":3,"minecraft:carrot":2,"funmod:l_essence_of_greed":1,"jeg:assault_rifle":1,"minecraft:iron_ingot":45,"minecraft:bread":8,"minecraft:wheat_seeds":4,"gobber2:gobber2_foo":1,"minecraft:cobblestone":3,"minecraft:apple":2,"minecraft:copper_ingot":3,"minecraft:coal":7,"minecraft:stick":2,"minecraft:torch":1,"minecraft:wooden_hoe":1,"minecraft:wooden_axe":1,"minecraft:sweet_berries":1,"minecraft:coarse_dirt":1,"minecraft:potato":30,"minecraft:peony":12,"minecraft:wooden_shovel":1,"minecraft:wooden_pickaxe":1,"jeg:pistol_ammo":5},"minecraft:killed":{"minecraft:zombified_piglin":24,"minecraft:spider":3,"minecraft:skeleton":2,"minecraft:chicken":3,"minecraft:piglin":1,"minecraft:zombie_villager":1,"minecraft:creeper":2,"minecraft:sheep":3,"minecraft:pillager":1,"minecraft:zombie":25,"minecraft:ghast":1,"minecraft:cow":4,"midnightlurker:midnight_lurker_aggressive":1,"minecraft:horse":9},"minecraft:used":{"gobber2:gobber2_goo":7,"gobber2:gobber2_gooey_bread":17,"minecraft:chest":3,"minecraft:shield":45,"minecraft:iron_sword":401,"minecraft:iron_chestplate":1,"funmod:soul_stealer":5,"minecraft:carrot":10,"minecraft:obsidian":12,"minecraft:glass":3,"minecraft:lava_bucket":2,"minecraft:iron_helmet":1,"minecraft:golden_sword":33,"minecraft:sweet_berries":13,"minecraft:furnace":5,"jeg:revolver":42,"minecraft:egg":2,"minecraft:potato":21,"minecraft:diorite":1,"minecraft:stone_pickaxe":32,"minecraft:wooden_pickaxe":17,"jeg:assault_rifle":242,"minecraft:blue_bed":11,"minecraft:golden_hoe":4,"minecraft:sand":72,"minecraft:crossbow":15,"gobber2:gobber2_gooey_bread_nether":1,"gobber2:gobber2_gooey_beefstew":9,"minecraft:bread":12,"minecraft:wooden_sword":76,"minecraft:andesite":15,"minecraft:bone_meal":2,"minecraft:flint_and_steel":5,"minecraft:spruce_planks":2,"jeg:holy_shotgun":12,"minecraft:wooden_shovel":66,"minecraft:cooked_chicken":2,"minecraft:netherrack":56,"minecraft:oak_door":4,"minecraft:torch":241,"minecraft:dirt":74,"minecraft:warped_wart_block":3,"minecraft:shroomlight":3,"minecraft:wooden_axe":15,"minecraft:oak_stairs":1,"gobber2:gobber2_gooey_beef":21,"minecraft:cooked_beef":9,"minecraft:cobbled_deepslate":51,"minecraft:iron_leggings":1,"minecraft:wheat_seeds":5,"minecraft:cooked_mutton":3,"minecraft:water_bucket":6,"minecraft:glass_bottle":16,"minecraft:baked_potato":5,"minecraft:oak_slab":2,"minecraft:crafting_table":9,"minecraft:white_bed":7,"minecraft:campfire":2,"minecraft:wooden_hoe":2,"minecraft:diamond_pickaxe":444,"minecraft:apple":2,"minecraft:chicken":1,"minecraft:iron_pickaxe":733,"jeg:scrap_workbench":3,"minecraft:stone_axe":85,"minecraft:cobblestone":240,"minecraft:potion":16,"minecraft:purple_bed":5,"minecraft:bucket":8,"jeg:blossom_rifle":168,"minecraft:dandelion":2,"gobber2:gobber2_gooey_beef_nether":1},"minecraft:custom":{"minecraft:interact_with_crafting_table":105,"minecraft:open_barrel":3,"minecraft:leave_game":33,"minecraft:time_since_death":4675,"minecraft:sprint_one_cm":409896,"minecraft:damage_blocked_by_shield":2390,"minecraft:drop":72,"minecraft:talked_to_villager":7,"minecraft:play_time":844566,"minecraft:deaths":13,"minecraft:jump":5502,"minecraft:walk_on_water_one_cm":37707,"minecraft:interact_with_furnace":161,"minecraft:traded_with_villager":2,"minecraft:sleep_in_bed":35,"minecraft:damage_dealt":16886,"minecraft:crouch_one_cm":4876,"minecraft:mob_kills":92,"minecraft:climb_one_cm":2936,"minecraft:walk_one_cm":3179668,"minecraft:damage_dealt_absorbed":78,"minecraft:sneak_time":6969,"minecraft:walk_under_water_one_cm":18547,"minecraft:total_world_time":844566,"minecraft:time_since_rest":4824,"minecraft:damage_taken":5723,"minecraft:swim_one_cm":39986,"minecraft:fly_one_cm":177112,"minecraft:open_chest":209,"minecraft:fall_one_cm":65064},"minecraft:killed_by":{"midnightlurker:midnight_lurker_aggressive":2,"minecraft:zombified_piglin":2,"minecraft:creeper":1,"minecraft:zombie":2,"minecraft:player":2},"minecraft:picked_up":{"minecraft:wheat":3,"minecraft:oak_stairs":1,"minecraft:golden_sword":1,"minecraft:string":20,"minecraft:raw_copper":8,"minecraft:shroomlight":3,"jeg:revolver":1,"minecraft:gold_nugget":154,"minecraft:cobbled_deepslate":82,"minecraft:spruce_planks":2,"minecraft:iron_pickaxe":7,"minecraft:furnace":4,"minecraft:stick":6,"jeg:pistol_ammo":20,"minecraft:torch":39,"minecraft:pointed_dripstone":4,"minecraft:diorite":16,"gobber2:gobber2_foo":6,"minecraft:rotten_flesh":33,"minecraft:obsidian":12,"minecraft:iron_bars":1,"minecraft:cobblestone":251,"minecraft:magma_block":1,"minecraft:feather":2,"minecraft:cooked_beef":1,"minecraft:andesite":16,"minecraft:smoker":1,"minecraft:potato":19,"minecraft:flint":2,"gobber2:gobber2_gooey_bread_nether":1,"jeg:scrap":97,"minecraft:dirt":96,"minecraft:lapis_lazuli":7,"minecraft:bone":1,"gobber2:gobber2_gooey_beef":11,"minecraft:wheat_seeds":27,"minecraft:raw_gold":6,"minecraft:oak_planks":72,"gobber2:gobber2_gooey_bread":18,"jeg:assault_rifle":1,"minecraft:warped_wart_block":3,"minecraft:sand":113,"minecraft:spectral_arrow":7,"minecraft:diamond":4,"minecraft:writable_book":1,"minecraft:bread":4,"minecraft:emerald":3,"minecraft:oak_sapling":3,"minecraft:netherrack":255,"gobber2:gobber2_goo":13,"minecraft:crafting_table":6,"minecraft:charcoal":11,"minecraft:coarse_dirt":1,"minecraft:splash_potion":1,"minecraft:chicken":3,"jeg:scrap_workbench":1,"gravestone:obituary":7,"minecraft:oak_trapdoor":1,"minecraft:item_frame":4,"minecraft:blackstone":1,"minecraft:beef":10,"minecraft:chest":2,"minecraft:birch_sapling":1,"minecraft:egg":6,"minecraft:raw_iron":78,"minecraft:oak_door":3,"minecraft:redstone":50,"minecraft:arrow":5,"minecraft:peony":12,"gobber2:gobber2_gooey_beef_nether":1,"minecraft:gold_ingot":1,"blue_skies:moonstone_shard":3,"minecraft:mutton":3,"jeg:raw_brimstone":12,"minecraft:white_wool":3,"minecraft:basalt":86,"gobber2:gobber2_gooey_beefstew":5,"minecraft:leather":10,"minecraft:oak_log":44,"minecraft:gunpowder":7,"minecraft:blue_bed":13,"minecraft:iron_ingot":9,"minecraft:glass_bottle":2,"minecraft:iron_sword":1,"jeg:tech_trash":9,"minecraft:scaffolding":4,"minecraft:oak_slab":2,"minecraft:pumpkin":12,"minecraft:sweet_berries":1,"minecraft:quartz":4,"minecraft:dandelion":3,"minecraft:dripstone_block":15,"minecraft:gravel":21,"minecraft:white_bed":9,"minecraft:spruce_log":6,"minecraft:spider_eye":2,"funmod:l_essence_of_greed":16,"minecraft:purple_bed":6,"minecraft:stone_axe":1,"minecraft:coal":122},"minecraft:crafted":{"minecraft:oak_planks":108,"minecraft:cooked_chicken":2,"minecraft:cooked_mutton":3,"minecraft:glass":28,"minecraft:iron_boots":1,"minecraft:chest":2,"minecraft:glass_bottle":6,"blue_skies:blue_journal":2,"minecraft:wooden_shovel":1,"sophisticatedbackpacks:backpack":1,"minecraft:crafting_table":3,"minecraft:spruce_planks":24,"minecraft:wooden_pickaxe":1,"minecraft:baked_potato":4,"minecraft:iron_helmet":1,"minecraft:clock":1,"minecraft:copper_ingot":136,"minecraft:campfire":2,"jeg:brimstone_crystal":17,"minecraft:wooden_hoe":1,"minecraft:iron_chestplate":1,"minecraft:charcoal":9,"minecraft:diamond_pickaxe":1,"minecraft:shield":1,"minecraft:stick":160,"minecraft:iron_ingot":119,"minecraft:iron_pickaxe":2,"minecraft:gold_ingot":15,"minecraft:shears":1,"minecraft:wooden_sword":1,"minecraft:oak_door":3,"minecraft:furnace":1,"minecraft:bone_meal":3,"jeg:scrap_workbench":1,"minecraft:stone_pickaxe":1,"minecraft:dark_oak_planks":28,"minecraft:cooked_beef":10,"minecraft:crossbow":2,"minecraft:iron_sword":2,"minecraft:bucket":2,"minecraft:stone_axe":1,"minecraft:bread":2,"jeg:scrap_block":1,"minecraft:wooden_axe":1,"minecraft:iron_leggings":1,"minecraft:white_bed":1,"minecraft:torch":204},"minecraft:mined":{"jeg:brimstone_ore":3,"minecraft:spruce_planks":2,"minecraft:white_bed":6,"minecraft:sculk_vein":1,"minecraft:obsidian":12,"minecraft:granite":1,"minecraft:grass_block":36,"gobber2:gobber2_lucky_block":54,"minecraft:magma_block":1,"minecraft:iron_ore":65,"minecraft:cobbled_deepslate":20,"minecraft:fire":18,"minecraft:pumpkin":6,"minecraft:pointed_dripstone":7,"minecraft:oak_stairs":1,"minecraft:iron_bars":1,"minecraft:deepslate_redstone_ore":10,"minecraft:blackstone":1,"minecraft:smoker":1,"minecraft:torch":19,"minecraft:poppy":1,"gobber2:gobber2_lucky_block_nether":2,"minecraft:chest":2,"minecraft:nether_quartz_ore":4,"minecraft:cobblestone":71,"minecraft:wall_torch":14,"minecraft:warped_nylium":1,"minecraft:wheat":4,"minecraft:grass":33,"minecraft:oak_log":44,"minecraft:sand":105,"minecraft:dirt":77,"minecraft:netherrack":295,"minecraft:oak_leaves":7,"minecraft:deepslate":66,"minecraft:nether_gold_ore":22,"minecraft:deepslate_diamond_ore":4,"minecraft:oak_door":2,"gravestone:gravestone":10,"minecraft:spruce_leaves":3,"minecraft:large_fern":1,"minecraft:redstone_ore":2,"minecraft:oak_trapdoor":1,"minecraft:furnace":4,"minecraft:andesite":17,"minecraft:peony":8,"minecraft:deepslate_iron_ore":9,"minecraft:shroomlight":3,"minecraft:stone":201,"minecraft:oak_slab":1,"jeg:scrap_ore":39,"minecraft:glass_pane":2,"toughasnails:water_purifier":3,"minecraft:basalt":87,"jeg:basalt_brimstone_ore":11,"minecraft:dandelion":4,"minecraft:crafting_table":7,"minecraft:emerald_ore":1,"minecraft:sculk_sensor":1,"minecraft:campfire":3,"minecraft:tall_grass":5,"minecraft:copper_ore":3,"minecraft:lapis_ore":1,"minecraft:deepslate_gold_ore":1,"minecraft:diorite":25,"minecraft:blue_bed":12,"minecraft:warped_wart_block":4,"jeg:deepslate_scrap_ore":5,"jeg:scrap_workbench":1,"minecraft:purple_bed":5,"minecraft:coarse_dirt":1,"minecraft:sweet_berry_bush":1,"minecraft:spruce_log":6,"gobber2:gobber2_lucky_block_deepslate":1,"minecraft:coal_ore":73,"minecraft:dripstone_block":17,"minecraft:gravel":22,"minecraft:cobweb":20,"minecraft:gold_ore":5}},"DataVersion":3120}