{"stats":{"minecraft:broken":{"minecraft:stone_pickaxe":3,"minecraft:stone_axe":1,"minecraft:stone_shovel":6,"minecraft:stone_hoe":1,"minecraft:iron_pickaxe":1,"minecraft:iron_helmet":1},"minecraft:dropped":{"minecraft:iron_sword":1,"minecraft:glow_ink_sac":3,"minecraft:glass_bottle":5,"minecraft:crossbow":1,"minecraft:cod":2,"minecraft:music_disc_13":1,"minecraft:dirt":3,"gravestone:obituary":50,"minecraft:white_wool":2,"minecraft:gold_ingot":19,"minecraft:bone":1,"minecraft:gravel":3,"minecraft:stone_axe":1,"minecraft:wheat":1,"minecraft:rotten_flesh":54,"sophisticatedbackpacks:diamond_backpack":1,"blue_skies:bluebright_log":1,"blue_skies:glowing_blinding_stone":1,"funmod:l_essence_of_greed":28,"minecraft:egg":10,"minecraft:stone_hoe":1,"minecraft:wheat_seeds":34,"minecraft:clock":1,"minecraft:cobblestone":8,"minecraft:granite":32,"minecraft:copper_ingot":1,"minecraft:coal":7,"minecraft:gray_wool":1,"minecraft:diorite":18,"minecraft:iron_leggings":1,"minecraft:white_banner":1,"minecraft:mud":2,"minecraft:music_disc_cat":1,"minecraft:furnace":1,"minecraft:stone_sword":1,"minecraft:raw_copper":13,"minecraft:tuff":5,"minecraft:stone_shovel":3,"minecraft:iron_boots":1,"blue_skies:blinding_key":1,"minecraft:flint_and_steel":1,"minecraft:shield":1,"minecraft:iron_chestplate":1,"minecraft:andesite":19,"minecraft:oak_sapling":3,"minecraft:spider_eye":3,"minecraft:bow":5,"minecraft:wooden_pickaxe":1,"blue_skies:blinding_stone":2},"minecraft:killed":{"minecraft:spider":14,"minecraft:skeleton":26,"minecraft:chicken":4,"minecraft:pig":13,"minecraft:zombie_villager":1,"minecraft:creeper":1,"minecraft:sheep":13,"minecraft:pillager":6,"minecraft:zombie":41,"midnightlurker:midnight_lurker_backturned":1,"minecraft:cow":4,"minecraft:horse":1,"minecraft:drowned":2,"jeg:boo":1},"minecraft:used":{"minecraft:iron_shovel":244,"minecraft:poppy":1,"gobber2:gobber2_gooey_bread":2,"minecraft:chest":13,"minecraft:shield":66,"minecraft:iron_sword":361,"minecraft:carrot":99,"minecraft:milk_bucket":1,"minecraft:lava_bucket":2,"blue_skies:bluebright_crafting_table":1,"minecraft:bow":13,"minecraft:furnace":12,"minecraft:oak_sapling":22,"minecraft:cooked_cod":2,"minecraft:egg":23,"blue_skies:turquoise_stone_pickaxe":1,"minecraft:potato":130,"minecraft:stone_pickaxe":516,"minecraft:oak_planks":5,"minecraft:wooden_pickaxe":26,"minecraft:sugar_cane":3,"minecraft:oak_leaves":1,"minecraft:shears":1,"blue_skies:starlit_pickaxe":5,"gobber2:gobber2_gooey_beefstew":1,"minecraft:bread":11,"minecraft:gravel":1,"minecraft:air":12,"minecraft:bone_meal":12,"minecraft:oak_fence":63,"minecraft:stone_sword":72,"minecraft:stone_shovel":920,"minecraft:stone_hoe":241,"minecraft:cooked_chicken":4,"minecraft:torch":353,"minecraft:dirt":1177,"minecraft:white_carpet":4,"minecraft:granite":6,"minecraft:oak_fence_gate":11,"minecraft:iron_axe":6,"minecraft:oak_stairs":2,"minecraft:cobbled_deepslate":45,"minecraft:pointed_dripstone":1,"minecraft:cooked_mutton":5,"minecraft:wheat_seeds":96,"minecraft:water_bucket":18,"minecraft:glass_bottle":130,"minecraft:baked_potato":69,"minecraft:cauldron":1,"minecraft:stonecutter":1,"minecraft:oak_slab":77,"minecraft:crafting_table":10,"minecraft:red_bed":1,"minecraft:white_bed":5,"minecraft:oxeye_daisy":4,"minecraft:iron_pickaxe":509,"jeg:scrap_workbench":1,"minecraft:stone_axe":216,"minecraft:fishing_rod":1,"minecraft:potion":129,"minecraft:cobblestone":227,"minecraft:cooked_porkchop":7,"minecraft:bucket":20,"minecraft:dandelion":10},"minecraft:killed_by":{"minecraft:creeper":2,"sanitydim:rotting_stalker":5,"minecraft:vindicator":3,"sanitydim:sneaking_terror":5,"blue_skies:summoner":2,"minecraft:zombie":4,"minecraft:player":2},"minecraft:custom":{"minecraft:animals_bred":19,"minecraft:interact_with_crafting_table":95,"minecraft:open_barrel":1,"minecraft:interact_with_keystone":3,"minecraft:leave_game":11,"minecraft:time_since_death":7246,"minecraft:sprint_one_cm":1024894,"minecraft:damage_blocked_by_shield":2520,"minecraft:drop":158,"minecraft:talked_to_villager":7,"minecraft:play_time":539305,"minecraft:deaths":28,"minecraft:jump":6910,"minecraft:interact_with_brewingstand":2,"minecraft:walk_on_water_one_cm":62774,"minecraft:interact_with_furnace":180,"minecraft:sleep_in_bed":28,"minecraft:damage_dealt":23180,"minecraft:player_kills":1,"minecraft:crouch_one_cm":19204,"minecraft:use_cauldron":1,"minecraft:mob_kills":132,"minecraft:fill_cauldron":1,"minecraft:damage_dealt_resisted":68,"minecraft:climb_one_cm":1253,"minecraft:walk_one_cm":2234584,"minecraft:sneak_time":6192,"minecraft:walk_under_water_one_cm":27171,"minecraft:total_world_time":539305,"minecraft:interact_with_stonecutter":1,"minecraft:time_since_rest":4046,"minecraft:damage_taken":11795,"minecraft:damage_absorbed":51,"minecraft:swim_one_cm":56656,"minecraft:fly_one_cm":1291575,"minecraft:open_chest":217,"minecraft:fish_caught":1,"minecraft:fall_one_cm":169574},"minecraft:picked_up":{"minecraft:iron_chestplate":2,"minecraft:wheat":67,"minecraft:oak_stairs":2,"minecraft:potion":4,"blue_skies:turquoise_dripstone":1,"minecraft:amethyst_block":4,"minecraft:string":10,"minecraft:raw_copper":33,"blue_skies:glowing_blinding_stone":1,"minecraft:cobbled_deepslate":81,"minecraft:calcite":4,"minecraft:iron_pickaxe":1,"minecraft:coal_block":8,"minecraft:furnace":2,"minecraft:stick":13,"minecraft:oak_fence":9,"minecraft:torch":76,"minecraft:porkchop":27,"minecraft:pointed_dripstone":9,"minecraft:diorite":26,"funmod:uranium_ore":3,"minecraft:rotten_flesh":51,"minecraft:cod":2,"minecraft:cobblestone":454,"minecraft:feather":4,"minecraft:andesite":19,"blue_skies:brewberry":7,"minecraft:potato":319,"minecraft:tuff":5,"jeg:scrap":69,"minecraft:lapis_lazuli":120,"minecraft:dirt":1337,"minecraft:bone":25,"minecraft:bow":7,"gobber2:gobber2_gooey_beef":5,"minecraft:wheat_seeds":255,"minecraft:raw_gold":29,"blue_skies:camellia":4,"funmod:soul_gel":1,"minecraft:oak_planks":1,"gobber2:gobber2_gooey_bread":7,"minecraft:sand":22,"minecraft:diamond":2,"jeg:custom_smg":1,"minecraft:crossbow":1,"blue_skies:blinding_stone":2,"minecraft:granite":38,"minecraft:bread":4,"minecraft:oak_sapling":25,"gobber2:gobber2_goo":6,"minecraft:oak_leaves":1,"jeg:makeshift_stock":1,"minecraft:mud":2,"minecraft:crafting_table":2,"minecraft:chicken":4,"blue_skies:blue_journal":1,"minecraft:wooden_pickaxe":1,"gravestone:obituary":26,"minecraft:flint_and_steel":1,"minecraft:white_carpet":1,"minecraft:beef":7,"minecraft:poppy":2,"minecraft:sugar_cane":3,"minecraft:chest":4,"minecraft:egg":43,"minecraft:raw_iron":122,"minecraft:sandstone":1,"blue_skies:brewberry_bush":4,"minecraft:copper_ingot":1,"minecraft:carrot":212,"minecraft:redstone":34,"minecraft:arrow":20,"minecraft:stone_shovel":1,"minecraft:gold_ingot":19,"blue_skies:moonstone_shard":3,"minecraft:mutton":21,"minecraft:white_wool":25,"minecraft:oxeye_daisy":4,"minecraft:clock":1,"minecraft:glow_ink_sac":13,"gobber2:gobber2_gooey_beefstew":3,"minecraft:leather":5,"minecraft:oak_log":141,"blue_skies:turquoise_cobblestone":60,"minecraft:white_banner":1,"minecraft:apple":1,"blue_skies:pyrope_gem":1,"minecraft:oak_fence_gate":3,"minecraft:glass_bottle":5,"jeg:tech_trash":6,"minecraft:iron_sword":5,"sophisticatedbackpacks:diamond_backpack":1,"blue_skies:winter_leaf_seeds":2,"minecraft:oak_slab":17,"minecraft:smooth_basalt":3,"minecraft:dandelion":10,"blue_skies:turquoise_dirt":4,"minecraft:gravel":6,"minecraft:amethyst_shard":8,"blue_skies:bluebright_log":2,"minecraft:white_bed":5,"minecraft:spider_eye":3,"blue_skies:starlit_log":2,"funmod:l_essence_of_greed":104,"jeg:ectoplasm":2,"minecraft:gray_wool":1,"minecraft:baked_potato":21,"minecraft:coal":106},"minecraft:crafted":{"minecraft:oak_planks":400,"minecraft:cooked_chicken":4,"blue_skies:turquoise_stone_pickaxe":1,"minecraft:stone":8,"minecraft:cooked_mutton":21,"minecraft:glass":6,"minecraft:repeater":1,"minecraft:bow":1,"minecraft:iron_boots":2,"minecraft:chest":10,"blue_skies:starlit_stick":8,"minecraft:stone_hoe":2,"minecraft:oak_fence":57,"minecraft:glass_bottle":6,"minecraft:oak_slab":60,"sophisticatedbackpacks:backpack":1,"minecraft:cauldron":1,"minecraft:cooked_porkchop":18,"minecraft:crafting_table":8,"minecraft:iron_helmet":2,"minecraft:wooden_pickaxe":3,"minecraft:baked_potato":89,"blue_skies:bluebright_crafting_table":1,"minecraft:iron_chestplate":1,"minecraft:charcoal":8,"minecraft:shield":2,"minecraft:stick":208,"minecraft:iron_ingot":121,"minecraft:iron_pickaxe":2,"minecraft:stone_sword":1,"minecraft:gold_ingot":22,"minecraft:redstone_torch":2,"minecraft:shears":1,"blue_skies:turquoise_stone_axe":1,"minecraft:coal":72,"minecraft:stone_shovel":8,"minecraft:fishing_rod":1,"blue_skies:bluebright_planks":4,"minecraft:furnace":11,"minecraft:bone_meal":12,"minecraft:white_carpet":3,"jeg:scrap_workbench":1,"minecraft:iron_axe":1,"minecraft:stone_pickaxe":5,"minecraft:red_dye":1,"minecraft:cooked_cod":2,"minecraft:iron_sword":2,"minecraft:red_bed":1,"minecraft:bucket":1,"minecraft:stone_axe":2,"minecraft:bread":6,"minecraft:air":0,"jeg:scrap_block":1,"minecraft:oak_fence_gate":8,"blue_skies:starlit_pickaxe":1,"minecraft:iron_shovel":1,"minecraft:iron_leggings":2,"minecraft:stonecutter":1,"blue_skies:starlit_planks":8,"minecraft:white_bed":1,"minecraft:torch":348},"minecraft:mined":{"minecraft:large_amethyst_bud":1,"minecraft:white_bed":6,"minecraft:oak_sapling":1,"minecraft:farmland":16,"minecraft:sculk_vein":4,"minecraft:granite":22,"minecraft:grass_block":1085,"blue_skies:brewberry_bush":5,"gobber2:gobber2_lucky_block":2,"minecraft:coal_block":8,"blue_skies:blue_fire":1,"minecraft:iron_ore":85,"minecraft:cobbled_deepslate":2,"minecraft:fire":5,"minecraft:deepslate_lapis_ore":12,"minecraft:pointed_dripstone":4,"minecraft:oak_stairs":2,"minecraft:small_amethyst_bud":1,"funmod:uranium_ore":3,"blue_skies:camellia":5,"minecraft:deepslate_redstone_ore":6,"blue_skies:turquoise_stone":60,"minecraft:amethyst_cluster":2,"minecraft:torch":36,"minecraft:calcite":4,"minecraft:chest":4,"minecraft:cobblestone":16,"minecraft:sugar_cane":1,"minecraft:oak_planks":1,"minecraft:wall_torch":17,"minecraft:amethyst_block":4,"minecraft:mud":3,"minecraft:wheat":72,"minecraft:grass":358,"minecraft:oak_log":142,"minecraft:oak_fence_gate":3,"minecraft:sand":23,"minecraft:dirt":154,"minecraft:smooth_basalt":3,"minecraft:oak_leaves":91,"minecraft:deepslate":70,"blue_skies:everbright_pyrope_ore":1,"minecraft:tuff":2,"minecraft:deepslate_diamond_ore":2,"minecraft:glow_lichen":1,"gravestone:gravestone":28,"minecraft:large_fern":1,"minecraft:redstone_ore":1,"minecraft:furnace":1,"minecraft:carrots":62,"minecraft:andesite":19,"blue_skies:everbright_moonstone_ore":2,"minecraft:potatoes":99,"minecraft:deepslate_iron_ore":38,"blue_skies:turquoise_dripstone":1,"minecraft:stone":426,"minecraft:oak_slab":17,"blue_skies:turquoise_grass":8,"blue_skies:starlit_log":2,"minecraft:dandelion":2,"minecraft:oak_fence":9,"minecraft:crafting_table":2,"minecraft:tall_grass":75,"minecraft:copper_ore":9,"minecraft:lapis_ore":7,"minecraft:deepslate_gold_ore":21,"minecraft:sculk":132,"minecraft:diorite":26,"jeg:deepslate_scrap_ore":33,"blue_skies:turquoise_grass_block":1,"minecraft:white_carpet":1,"minecraft:birch_leaves":1,"gobber2:gobber2_lucky_block_deepslate":19,"minecraft:coal_ore":101,"blue_skies:bluebright_log":1,"blue_skies:turquoise_dirt":3,"minecraft:gravel":6,"minecraft:cobweb":2,"minecraft:gold_ore":7}},"DataVersion":3120}