{"stats":{"minecraft:dropped":{"minecraft:spider_eye":1},"minecraft:mined":{"minecraft:crafting_table":1,"minecraft:torch":2,"minecraft:grass":2,"minecraft:oak_log":18,"minecraft:grass_block":3,"minecraft:coal_ore":26,"minecraft:sand":6,"minecraft:dirt":6,"minecraft:tall_grass":1,"minecraft:stone":23,"minecraft:oak_leaves":2},"minecraft:crafted":{"minecraft:oak_planks":24,"minecraft:stone_shovel":1,"minecraft:crafting_table":1,"minecraft:stick":12,"minecraft:stone_pickaxe":1,"minecraft:wooden_pickaxe":1,"minecraft:furnace":1,"minecraft:torch":8,"minecraft:stone_axe":1},"minecraft:custom":{"minecraft:time_since_rest":8518,"minecraft:interact_with_furnace":1,"minecraft:sprint_one_cm":15470,"minecraft:damage_taken":130,"minecraft:walk_one_cm":23514,"minecraft:mob_kills":2,"minecraft:drop":1,"minecraft:damage_dealt":241,"minecraft:interact_with_crafting_table":8,"minecraft:fly_one_cm":12772,"minecraft:crouch_one_cm":1467,"minecraft:play_time":8518,"minecraft:sneak_time":738,"minecraft:jump":95,"minecraft:walk_on_water_one_cm":712,"minecraft:time_since_death":8518,"minecraft:total_world_time":8518,"minecraft:fall_one_cm":3782},"minecraft:used":{"minecraft:stone_shovel":6,"minecraft:stone_pickaxe":41,"minecraft:wooden_pickaxe":17,"minecraft:stone_axe":21,"minecraft:torch":8,"minecraft:cobblestone":2,"minecraft:crafting_table":2,"minecraft:furnace":1},"minecraft:picked_up":{"minecraft:stick":2,"minecraft:crafting_table":1,"minecraft:torch":2,"minecraft:sand":6,"minecraft:oak_log":18,"minecraft:spider_eye":1,"minecraft:dirt":9,"minecraft:wheat_seeds":1,"minecraft:mutton":2,"minecraft:coal":26,"minecraft:white_wool":1,"minecraft:cobblestone":23,"minecraft:egg":1},"minecraft:killed":{"minecraft:sheep":1,"minecraft:spider":1}},"DataVersion":3120}