{"stats":{"minecraft:broken":{"minecraft:stone_pickaxe":3,"minecraft:stone_axe":1,"minecraft:stone_shovel":6,"minecraft:stone_hoe":1,"minecraft:iron_pickaxe":1,"minecraft:iron_helmet":1},"minecraft:dropped":{"minecraft:iron_sword":1,"minecraft:glow_ink_sac":3,"minecraft:glass_bottle":5,"minecraft:crossbow":1,"minecraft:cod":2,"minecraft:music_disc_13":1,"minecraft:dirt":3,"gravestone:obituary":51,"minecraft:white_wool":3,"minecraft:gold_ingot":19,"minecraft:bone":2,"minecraft:gravel":3,"minecraft:stone_axe":1,"minecraft:wheat":1,"minecraft:rotten_flesh":55,"sophisticatedbackpacks:diamond_backpack":1,"blue_skies:turquoise_dripstone":1,"blue_skies:bluebright_log":1,"blue_skies:glowing_blinding_stone":1,"funmod:l_essence_of_greed":36,"blue_skies:starlit_pickaxe":1,"blue_skies:starlit_planks":1,"minecraft:egg":10,"minecraft:stone_hoe":1,"minecraft:wheat_seeds":34,"minecraft:clock":1,"minecraft:cobblestone":8,"minecraft:granite":32,"minecraft:copper_ingot":1,"minecraft:coal":7,"minecraft:gray_wool":1,"minecraft:diorite":18,"minecraft:iron_leggings":1,"minecraft:white_banner":1,"minecraft:mud":2,"minecraft:iron_shovel":1,"minecraft:music_disc_cat":1,"minecraft:furnace":1,"minecraft:stone_sword":1,"minecraft:raw_copper":13,"minecraft:tuff":5,"minecraft:stone_shovel":3,"minecraft:iron_boots":1,"blue_skies:sea_moss_carpet":2,"blue_skies:blinding_key":1,"blue_skies:moonstone_shard":2,"minecraft:flint_and_steel":1,"minecraft:shield":1,"minecraft:iron_chestplate":1,"minecraft:andesite":19,"minecraft:oak_sapling":3,"minecraft:spider_eye":3,"minecraft:bow":6,"minecraft:wooden_pickaxe":1,"blue_skies:blinding_stone":2,"minecraft:black_wool":1},"minecraft:killed":{"blue_skies:azulfo":1,"minecraft:spider":14,"minecraft:skeleton":28,"blue_skies:diophyde_prowler":1,"minecraft:chicken":4,"minecraft:pig":13,"minecraft:zombie_villager":1,"minecraft:creeper":1,"minecraft:sheep":13,"minecraft:pillager":6,"minecraft:zombie":43,"midnightlurker:midnight_lurker_backturned":1,"minecraft:cow":4,"minecraft:horse":1,"minecraft:drowned":2,"blue_skies:reindeer":1,"jeg:boo":1,"blue_skies:stardust_ram":6},"minecraft:used":{"minecraft:iron_shovel":252,"minecraft:poppy":1,"gobber2:gobber2_gooey_bread":2,"minecraft:chest":13,"minecraft:shield":69,"minecraft:iron_sword":372,"minecraft:carrot":99,"blue_skies:winter_leaf_seeds":1,"minecraft:milk_bucket":1,"blue_skies:starlit_chest":2,"minecraft:lava_bucket":2,"blue_skies:bluebright_crafting_table":1,"blue_skies:aquite_pickaxe":33,"minecraft:bow":13,"minecraft:furnace":13,"minecraft:oak_sapling":22,"minecraft:cooked_cod":2,"minecraft:egg":23,"blue_skies:turquoise_stone_pickaxe":81,"minecraft:potato":130,"minecraft:stone_pickaxe":522,"minecraft:oak_planks":5,"blue_skies:turquoise_cobblestone":6,"minecraft:wooden_pickaxe":26,"minecraft:sugar_cane":3,"minecraft:oak_leaves":1,"minecraft:shears":1,"blue_skies:brewberry":5,"blue_skies:starlit_pickaxe":5,"gobber2:gobber2_gooey_beefstew":1,"minecraft:bread":11,"minecraft:gravel":1,"blue_skies:turquoise_stone_axe":57,"minecraft:air":12,"minecraft:bone_meal":12,"minecraft:oak_fence":63,"minecraft:stone_sword":72,"minecraft:stone_shovel":920,"minecraft:stone_hoe":241,"minecraft:cooked_chicken":4,"minecraft:torch":380,"minecraft:dirt":1177,"minecraft:white_carpet":4,"minecraft:granite":6,"minecraft:oak_fence_gate":11,"minecraft:iron_axe":6,"minecraft:oak_stairs":2,"blue_skies:starlit_hoe":3,"blue_skies:starlit_crafting_table":4,"blue_skies:brewberry_bush":4,"minecraft:cobbled_deepslate":47,"minecraft:pointed_dripstone":1,"minecraft:cooked_mutton":5,"minecraft:wheat_seeds":96,"minecraft:water_bucket":19,"minecraft:glass_bottle":130,"minecraft:baked_potato":74,"minecraft:cauldron":1,"minecraft:stonecutter":1,"minecraft:oak_slab":77,"minecraft:crafting_table":10,"minecraft:red_bed":1,"minecraft:white_bed":6,"minecraft:oxeye_daisy":4,"minecraft:iron_pickaxe":509,"blue_skies:starlit_shovel":11,"jeg:scrap_workbench":1,"minecraft:stone_axe":216,"minecraft:fishing_rod":1,"minecraft:potion":129,"minecraft:cobblestone":227,"blue_skies:pyrope_pickaxe":80,"minecraft:cooked_porkchop":7,"minecraft:bucket":21,"minecraft:dandelion":10},"minecraft:killed_by":{"minecraft:creeper":2,"sanitydim:rotting_stalker":5,"minecraft:vindicator":3,"sanitydim:sneaking_terror":6,"blue_skies:summoner":2,"minecraft:zombie":4,"minecraft:player":2},"minecraft:custom":{"minecraft:animals_bred":19,"minecraft:interact_with_crafting_table":110,"minecraft:open_barrel":3,"minecraft:interact_with_keystone":3,"minecraft:leave_game":12,"minecraft:time_since_death":23844,"minecraft:sprint_one_cm":1116496,"minecraft:damage_blocked_by_shield":2590,"minecraft:drop":172,"minecraft:talked_to_villager":10,"minecraft:play_time":588545,"minecraft:deaths":29,"minecraft:jump":7610,"minecraft:interact_with_brewingstand":2,"minecraft:walk_on_water_one_cm":71700,"minecraft:interact_with_furnace":186,"minecraft:sleep_in_bed":28,"minecraft:damage_dealt":25510,"minecraft:player_kills":1,"minecraft:crouch_one_cm":20521,"minecraft:interact_with_smoker":2,"minecraft:use_cauldron":2,"minecraft:mob_kills":145,"minecraft:fill_cauldron":1,"minecraft:damage_dealt_resisted":68,"minecraft:climb_one_cm":1269,"minecraft:walk_one_cm":2359628,"minecraft:sneak_time":7036,"minecraft:walk_under_water_one_cm":33387,"minecraft:total_world_time":588545,"minecraft:interact_with_stonecutter":2,"minecraft:time_since_rest":23878,"minecraft:damage_taken":12342,"minecraft:damage_absorbed":51,"minecraft:swim_one_cm":65234,"minecraft:fly_one_cm":1459111,"minecraft:open_chest":234,"minecraft:fish_caught":1,"minecraft:fall_one_cm":184837},"minecraft:picked_up":{"minecraft:iron_chestplate":2,"minecraft:wheat":67,"blue_skies:raw_ventium":4,"minecraft:oak_stairs":2,"minecraft:potion":4,"blue_skies:turquoise_dripstone":1,"blue_skies:sea_moss_block":1,"minecraft:amethyst_block":4,"minecraft:string":10,"minecraft:raw_copper":33,"blue_skies:starlit_sapling":4,"blue_skies:glowing_blinding_stone":1,"minecraft:cobbled_deepslate":81,"blue_skies:starlit_crafting_table":1,"blue_skies:midnight_sand":1,"minecraft:calcite":4,"minecraft:iron_pickaxe":1,"minecraft:coal_block":8,"minecraft:furnace":2,"minecraft:stick":13,"blue_skies:azulfo_horn":2,"minecraft:oak_fence":9,"minecraft:torch":77,"minecraft:porkchop":27,"minecraft:pointed_dripstone":9,"minecraft:diorite":26,"funmod:uranium_ore":3,"blue_skies:midday_bayhop":2,"minecraft:rotten_flesh":52,"minecraft:cod":2,"minecraft:cobblestone":467,"minecraft:feather":4,"minecraft:andesite":19,"blue_skies:brewberry":11,"minecraft:potato":319,"minecraft:tuff":5,"jeg:scrap":69,"minecraft:lapis_lazuli":120,"minecraft:dirt":1337,"minecraft:bone":26,"blue_skies:raw_falsite":7,"minecraft:bow":8,"gobber2:gobber2_gooey_beef":5,"minecraft:wheat_seeds":255,"minecraft:raw_gold":29,"blue_skies:camellia":4,"blue_skies:coarse_turquoise_dirt":1,"funmod:soul_gel":1,"blue_skies:starlit_stick":2,"minecraft:oak_planks":1,"gobber2:gobber2_gooey_bread":7,"blue_skies:brumble":1,"minecraft:sand":22,"minecraft:diamond":2,"jeg:custom_smg":1,"minecraft:crossbow":1,"blue_skies:blinding_stone":2,"minecraft:granite":38,"minecraft:bread":4,"minecraft:oak_sapling":25,"gobber2:gobber2_goo":6,"minecraft:oak_leaves":1,"jeg:makeshift_stock":1,"minecraft:mud":2,"minecraft:crafting_table":2,"minecraft:chicken":4,"blue_skies:venison":1,"blue_skies:blue_journal":1,"minecraft:wooden_pickaxe":1,"gravestone:obituary":26,"blue_skies:municipal_monkfish":1,"minecraft:flint_and_steel":1,"minecraft:white_carpet":1,"minecraft:beef":7,"minecraft:poppy":2,"minecraft:sugar_cane":3,"minecraft:chest":4,"minecraft:egg":43,"minecraft:raw_iron":122,"minecraft:sandstone":1,"blue_skies:brewberry_bush":7,"minecraft:copper_ingot":1,"blue_skies:carabeef":2,"minecraft:carrot":212,"minecraft:redstone":34,"minecraft:arrow":24,"minecraft:stone_shovel":1,"minecraft:gold_ingot":19,"blue_skies:moonstone_shard":21,"minecraft:mutton":32,"minecraft:white_wool":29,"minecraft:oxeye_daisy":4,"minecraft:clock":1,"minecraft:glow_ink_sac":13,"gobber2:gobber2_gooey_beefstew":3,"minecraft:leather":6,"minecraft:oak_log":141,"blue_skies:turquoise_cobblestone":185,"minecraft:white_banner":1,"minecraft:apple":1,"blue_skies:pyrope_gem":7,"blue_skies:taratite":2,"minecraft:oak_fence_gate":3,"minecraft:glass_bottle":5,"jeg:tech_trash":6,"minecraft:iron_sword":5,"sophisticatedbackpacks:diamond_backpack":1,"blue_skies:sea_moss_carpet":2,"funmod:icy_shard":1,"blue_skies:winter_leaf_seeds":3,"minecraft:oak_slab":17,"minecraft:smooth_basalt":3,"minecraft:dandelion":10,"blue_skies:turquoise_dirt":23,"minecraft:gravel":6,"minecraft:amethyst_shard":8,"blue_skies:bluebright_log":2,"minecraft:white_bed":6,"minecraft:spider_eye":3,"blue_skies:starlit_log":24,"blue_skies:raw_aquite":9,"funmod:l_essence_of_greed":116,"jeg:ectoplasm":2,"minecraft:gray_wool":2,"minecraft:baked_potato":21,"minecraft:black_wool":1,"minecraft:coal":114},"minecraft:crafted":{"minecraft:oak_planks":400,"blue_skies:starlit_crafting_table":3,"minecraft:cooked_chicken":4,"blue_skies:turquoise_stone_pickaxe":1,"minecraft:stone":8,"blue_skies:aquite":6,"minecraft:cooked_mutton":21,"minecraft:glass":6,"minecraft:repeater":1,"minecraft:bow":1,"minecraft:iron_boots":2,"blue_skies:aquite_pickaxe":1,"minecraft:chest":10,"blue_skies:starlit_stick":16,"minecraft:stone_hoe":2,"minecraft:oak_fence":57,"blue_skies:pyrope_sword":1,"minecraft:glass_bottle":6,"minecraft:oak_slab":60,"sophisticatedbackpacks:backpack":1,"minecraft:cauldron":1,"minecraft:cooked_porkchop":18,"minecraft:crafting_table":8,"minecraft:iron_helmet":2,"minecraft:wooden_pickaxe":3,"minecraft:baked_potato":89,"blue_skies:bluebright_crafting_table":1,"minecraft:iron_chestplate":1,"minecraft:charcoal":8,"minecraft:shield":2,"blue_skies:pyrope_pickaxe":1,"minecraft:stick":208,"minecraft:iron_ingot":121,"minecraft:iron_pickaxe":2,"minecraft:stone_sword":1,"minecraft:gold_ingot":22,"blue_skies:starlit_shovel":1,"minecraft:redstone_torch":2,"minecraft:shears":1,"blue_skies:turquoise_stone_axe":1,"minecraft:coal":72,"minecraft:stone_shovel":8,"minecraft:fishing_rod":1,"blue_skies:bluebright_planks":4,"minecraft:furnace":12,"minecraft:bone_meal":12,"minecraft:white_carpet":3,"blue_skies:starlit_hoe":1,"jeg:scrap_workbench":1,"minecraft:iron_axe":1,"minecraft:stone_pickaxe":5,"minecraft:red_dye":1,"minecraft:cooked_cod":2,"minecraft:iron_sword":2,"minecraft:red_bed":1,"minecraft:bucket":1,"minecraft:stone_axe":2,"blue_skies:starlit_spear":1,"minecraft:bread":6,"minecraft:air":0,"jeg:scrap_block":1,"blue_skies:moonstone":4,"minecraft:oak_fence_gate":8,"blue_skies:starlit_pickaxe":1,"minecraft:iron_shovel":1,"minecraft:iron_leggings":2,"minecraft:stonecutter":1,"blue_skies:starlit_planks":52,"minecraft:white_bed":2,"blue_skies:starlit_chest":2,"minecraft:torch":348},"minecraft:mined":{"minecraft:large_amethyst_bud":1,"minecraft:white_bed":7,"minecraft:oak_sapling":1,"minecraft:farmland":16,"minecraft:sculk_vein":4,"minecraft:granite":22,"blue_skies:taratite":2,"minecraft:grass_block":1085,"blue_skies:brewberry_bush":9,"gobber2:gobber2_lucky_block":2,"blue_skies:everbright_aquite_ore":9,"minecraft:coal_block":8,"blue_skies:blue_fire":1,"minecraft:iron_ore":85,"minecraft:cobbled_deepslate":2,"minecraft:fire":5,"minecraft:deepslate_lapis_ore":12,"minecraft:pointed_dripstone":4,"minecraft:oak_stairs":2,"minecraft:small_amethyst_bud":1,"blue_skies:sea_moss_carpet":3,"funmod:uranium_ore":3,"blue_skies:camellia":5,"minecraft:deepslate_redstone_ore":6,"blue_skies:turquoise_stone":192,"minecraft:amethyst_cluster":2,"blue_skies:midnight_sand":2,"minecraft:torch":36,"minecraft:calcite":4,"minecraft:chest":4,"minecraft:cobblestone":17,"minecraft:sugar_cane":1,"minecraft:oak_planks":1,"minecraft:wall_torch":18,"minecraft:amethyst_block":4,"minecraft:mud":3,"minecraft:wheat":72,"minecraft:grass":359,"minecraft:oak_log":142,"minecraft:oak_fence_gate":3,"minecraft:sand":23,"minecraft:dirt":154,"minecraft:smooth_basalt":3,"minecraft:oak_leaves":91,"minecraft:deepslate":70,"blue_skies:everbright_pyrope_ore":7,"minecraft:tuff":2,"blue_skies:starlit_crafting_table":1,"minecraft:deepslate_diamond_ore":2,"minecraft:glow_lichen":1,"gravestone:gravestone":29,"blue_skies:coarse_turquoise_dirt":1,"blue_skies:sea_moss_block":1,"minecraft:large_fern":1,"minecraft:redstone_ore":1,"blue_skies:starlit_leaves":10,"minecraft:furnace":1,"minecraft:carrots":62,"minecraft:andesite":19,"blue_skies:everbright_moonstone_ore":12,"minecraft:potatoes":99,"blue_skies:turquoise_cobblestone":1,"minecraft:deepslate_iron_ore":38,"blue_skies:turquoise_dripstone":1,"minecraft:stone":440,"minecraft:oak_slab":17,"blue_skies:turquoise_grass":15,"blue_skies:starlit_log":24,"minecraft:dandelion":2,"minecraft:oak_fence":9,"minecraft:crafting_table":2,"minecraft:tall_grass":75,"minecraft:copper_ore":9,"minecraft:lapis_ore":7,"minecraft:deepslate_gold_ore":21,"minecraft:sculk":132,"minecraft:diorite":26,"jeg:deepslate_scrap_ore":33,"blue_skies:falsite_ore":7,"blue_skies:turquoise_grass_block":13,"minecraft:white_carpet":1,"minecraft:birch_leaves":1,"gobber2:gobber2_lucky_block_deepslate":19,"blue_skies:ventium_ore":4,"blue_skies:midday_bayhop":3,"minecraft:coal_ore":109,"blue_skies:bluebright_log":1,"blue_skies:turquoise_dirt":10,"minecraft:gravel":6,"minecraft:cobweb":2,"minecraft:gold_ore":7}},"DataVersion":3120}