{"stats":{"minecraft:killed":{"minecraft:spider":12,"minecraft:skeleton":14,"minecraft:horse":1,"minecraft:chicken":4,"minecraft:drowned":2,"minecraft:pig":13,"jeg:boo":1,"minecraft:sheep":13,"minecraft:pillager":6,"minecraft:zombie":20,"midnightlurker:midnight_lurker_backturned":1},"minecraft:mined":{"minecraft:large_amethyst_bud":1,"minecraft:white_bed":4,"minecraft:oak_sapling":1,"minecraft:farmland":16,"minecraft:deepslate_diamond_ore":2,"minecraft:sculk_vein":4,"gravestone:gravestone":18,"minecraft:granite":22,"minecraft:grass_block":839,"minecraft:coal_block":8,"minecraft:large_fern":1,"minecraft:redstone_ore":1,"minecraft:furnace":1,"minecraft:carrots":20,"minecraft:iron_ore":54,"minecraft:fire":1,"minecraft:andesite":18,"minecraft:deepslate_lapis_ore":2,"minecraft:potatoes":57,"minecraft:pointed_dripstone":4,"minecraft:deepslate_iron_ore":16,"minecraft:small_amethyst_bud":1,"minecraft:oak_stairs":2,"minecraft:stone":341,"minecraft:deepslate_redstone_ore":1,"minecraft:amethyst_cluster":2,"minecraft:oak_fence":9,"minecraft:crafting_table":2,"minecraft:torch":23,"minecraft:calcite":4,"minecraft:copper_ore":3,"minecraft:tall_grass":74,"minecraft:cobblestone":12,"minecraft:lapis_ore":7,"minecraft:deepslate_gold_ore":15,"minecraft:sugar_cane":1,"minecraft:sculk":132,"minecraft:diorite":8,"minecraft:wall_torch":16,"minecraft:amethyst_block":4,"minecraft:mud":3,"minecraft:wheat":39,"minecraft:white_carpet":1,"minecraft:birch_leaves":1,"minecraft:grass":332,"minecraft:oak_log":86,"minecraft:coal_ore":83,"minecraft:oak_fence_gate":3,"minecraft:gravel":2,"minecraft:sand":23,"minecraft:dirt":125,"minecraft:cobweb":2,"minecraft:smooth_basalt":3,"minecraft:gold_ore":4,"minecraft:oak_leaves":31,"minecraft:deepslate":13},"minecraft:picked_up":{"minecraft:mud":2,"minecraft:crafting_table":2,"minecraft:iron_chestplate":1,"minecraft:wheat":36,"minecraft:chicken":4,"blue_skies:blue_journal":1,"minecraft:wooden_pickaxe":1,"minecraft:oak_stairs":2,"minecraft:potion":4,"gravestone:obituary":7,"minecraft:amethyst_block":4,"minecraft:string":8,"minecraft:raw_copper":13,"minecraft:white_carpet":1,"minecraft:cobbled_deepslate":13,"minecraft:calcite":4,"minecraft:coal_block":8,"minecraft:sugar_cane":3,"minecraft:furnace":1,"minecraft:egg":18,"minecraft:stick":4,"minecraft:raw_iron":70,"minecraft:sandstone":1,"minecraft:oak_fence":9,"minecraft:copper_ingot":1,"minecraft:torch":57,"minecraft:porkchop":27,"minecraft:pointed_dripstone":9,"minecraft:diorite":8,"minecraft:carrot":74,"minecraft:redstone":8,"minecraft:rotten_flesh":26,"minecraft:arrow":10,"minecraft:stone_shovel":1,"minecraft:gold_ingot":19,"minecraft:mutton":21,"minecraft:cod":1,"minecraft:white_wool":12,"minecraft:cobblestone":352,"minecraft:feather":4,"minecraft:glow_ink_sac":6,"minecraft:andesite":18,"minecraft:potato":161,"minecraft:oak_log":85,"minecraft:lapis_lazuli":63,"minecraft:dirt":1074,"minecraft:white_banner":1,"minecraft:bone":12,"minecraft:bow":5,"minecraft:wheat_seeds":162,"minecraft:raw_gold":19,"minecraft:oak_fence_gate":3,"funmod:soul_gel":1,"minecraft:glass_bottle":5,"minecraft:iron_sword":5,"minecraft:smooth_basalt":3,"minecraft:gravel":1,"minecraft:sand":22,"minecraft:amethyst_shard":8,"minecraft:white_bed":4,"minecraft:spider_eye":3,"funmod:l_essence_of_greed":50,"jeg:ectoplasm":2,"minecraft:diamond":2,"minecraft:granite":38,"minecraft:gray_wool":1,"minecraft:bread":4,"minecraft:oak_sapling":11,"minecraft:coal":88},"minecraft:dropped":{"minecraft:stone_hoe":1,"minecraft:wheat_seeds":19,"minecraft:glow_ink_sac":3,"minecraft:glass_bottle":5,"minecraft:granite":32,"minecraft:copper_ingot":1,"minecraft:coal":7,"minecraft:dirt":2,"minecraft:gray_wool":1,"minecraft:white_banner":1,"gravestone:obituary":21,"minecraft:mud":2,"minecraft:gold_ingot":19,"minecraft:bone":1,"minecraft:stone_sword":1,"minecraft:raw_copper":13,"minecraft:stone_shovel":2,"minecraft:rotten_flesh":26,"minecraft:andesite":18,"minecraft:oak_sapling":3,"minecraft:spider_eye":3,"minecraft:wooden_pickaxe":1,"minecraft:bow":3},"minecraft:crafted":{"minecraft:oak_planks":296,"minecraft:stone_shovel":8,"minecraft:fishing_rod":1,"minecraft:cooked_chicken":4,"minecraft:furnace":7,"minecraft:bone_meal":12,"minecraft:white_carpet":3,"minecraft:cooked_mutton":21,"minecraft:glass":6,"minecraft:bow":1,"minecraft:iron_boots":2,"minecraft:stone_pickaxe":5,"minecraft:chest":7,"minecraft:stone_hoe":2,"minecraft:oak_fence":57,"minecraft:glass_bottle":6,"minecraft:cooked_cod":2,"minecraft:cooked_porkchop":18,"minecraft:crafting_table":6,"minecraft:iron_helmet":2,"minecraft:wooden_pickaxe":3,"minecraft:baked_potato":43,"minecraft:iron_sword":1,"minecraft:bucket":1,"minecraft:stone_axe":2,"minecraft:bread":4,"minecraft:air":0,"minecraft:oak_fence_gate":8,"minecraft:iron_chestplate":1,"minecraft:shield":1,"minecraft:stick":168,"minecraft:iron_ingot":67,"minecraft:iron_pickaxe":1,"minecraft:stone_sword":1,"minecraft:iron_leggings":2,"minecraft:gold_ingot":19,"minecraft:torch":204},"minecraft:used":{"minecraft:oak_fence":63,"minecraft:stone_sword":72,"minecraft:stone_shovel":918,"minecraft:chest":7,"minecraft:shield":41,"minecraft:iron_sword":183,"minecraft:cooked_chicken":2,"minecraft:stone_hoe":241,"minecraft:torch":243,"minecraft:dirt":990,"minecraft:white_carpet":3,"minecraft:carrot":57,"minecraft:granite":6,"minecraft:oak_fence_gate":11,"minecraft:milk_bucket":1,"minecraft:oak_stairs":2,"minecraft:bow":6,"minecraft:oak_sapling":8,"minecraft:furnace":8,"minecraft:cooked_cod":2,"minecraft:egg":18,"minecraft:potato":88,"minecraft:cobbled_deepslate":11,"minecraft:cooked_mutton":5,"minecraft:wheat_seeds":63,"minecraft:water_bucket":17,"minecraft:glass_bottle":129,"minecraft:stone_pickaxe":393,"minecraft:baked_potato":43,"minecraft:wooden_pickaxe":26,"minecraft:sugar_cane":3,"minecraft:crafting_table":8,"minecraft:white_bed":3,"minecraft:bread":6,"minecraft:iron_pickaxe":237,"minecraft:gravel":1,"minecraft:stone_axe":130,"minecraft:fishing_rod":1,"minecraft:cobblestone":177,"minecraft:potion":128,"minecraft:cooked_porkchop":4,"minecraft:bucket":16,"minecraft:air":12,"minecraft:bone_meal":12},"minecraft:broken":{"minecraft:stone_hoe":1,"minecraft:stone_pickaxe":2,"minecraft:stone_axe":1,"minecraft:iron_helmet":1,"minecraft:stone_shovel":6},"minecraft:killed_by":{"minecraft:player":2,"sanitydim:rotting_stalker":4,"sanitydim:sneaking_terror":4,"minecraft:zombie":4},"minecraft:custom":{"minecraft:mob_kills":89,"minecraft:animals_bred":10,"minecraft:interact_with_crafting_table":60,"minecraft:open_barrel":1,"minecraft:damage_dealt_resisted":68,"minecraft:leave_game":9,"minecraft:time_since_death":63000,"minecraft:climb_one_cm":1253,"minecraft:sprint_one_cm":661667,"minecraft:damage_blocked_by_shield":1540,"minecraft:walk_one_cm":1512280,"minecraft:drop":70,"minecraft:talked_to_villager":4,"minecraft:play_time":359561,"minecraft:sneak_time":2886,"minecraft:deaths":18,"minecraft:walk_under_water_one_cm":23127,"minecraft:jump":4933,"minecraft:walk_on_water_one_cm":49664,"minecraft:total_world_time":359561,"minecraft:interact_with_furnace":121,"minecraft:sleep_in_bed":21,"minecraft:time_since_rest":5289,"minecraft:damage_taken":7122,"minecraft:damage_dealt":14469,"minecraft:swim_one_cm":53169,"minecraft:fly_one_cm":951133,"minecraft:open_chest":86,"minecraft:crouch_one_cm":6852,"minecraft:fish_caught":1,"minecraft:fall_one_cm":115237}},"DataVersion":3120}