{"stats":{"minecraft:used":{"minecraft:stone_sword":53,"minecraft:stone_shovel":144,"minecraft:chest":5,"minecraft:shield":17,"minecraft:iron_sword":95,"minecraft:cooked_chicken":2,"minecraft:stone_hoe":110,"minecraft:torch":150,"minecraft:dirt":174,"minecraft:carrot":26,"minecraft:granite":6,"minecraft:oak_stairs":2,"minecraft:bow":2,"minecraft:furnace":8,"minecraft:egg":3,"minecraft:potato":53,"minecraft:cobbled_deepslate":5,"minecraft:wheat_seeds":19,"minecraft:cooked_mutton":3,"minecraft:water_bucket":16,"minecraft:glass_bottle":67,"minecraft:stone_pickaxe":392,"minecraft:baked_potato":15,"minecraft:wooden_pickaxe":26,"minecraft:crafting_table":7,"minecraft:white_bed":3,"minecraft:bread":4,"minecraft:iron_pickaxe":183,"minecraft:stone_axe":54,"minecraft:cobblestone":149,"minecraft:potion":65,"minecraft:cooked_porkchop":3,"minecraft:bucket":16,"minecraft:air":9,"minecraft:bone_meal":12},"minecraft:custom":{"minecraft:mob_kills":39,"minecraft:interact_with_crafting_table":40,"minecraft:open_barrel":1,"minecraft:damage_dealt_resisted":68,"minecraft:leave_game":6,"minecraft:time_since_death":370,"minecraft:climb_one_cm":1253,"minecraft:sprint_one_cm":360936,"minecraft:walk_one_cm":663198,"minecraft:damage_blocked_by_shield":630,"minecraft:drop":33,"minecraft:talked_to_villager":2,"minecraft:play_time":194008,"minecraft:deaths":14,"minecraft:sneak_time":2269,"minecraft:walk_under_water_one_cm":14378,"minecraft:jump":2971,"minecraft:walk_on_water_one_cm":31814,"minecraft:total_world_time":194008,"minecraft:interact_with_furnace":76,"minecraft:sleep_in_bed":6,"minecraft:time_since_rest":404,"minecraft:damage_taken":4843,"minecraft:damage_dealt":7099,"minecraft:swim_one_cm":35642,"minecraft:fly_one_cm":524296,"minecraft:open_chest":46,"minecraft:crouch_one_cm":4326,"minecraft:fall_one_cm":75230},"minecraft:dropped":{"minecraft:wheat_seeds":2,"minecraft:glow_ink_sac":3,"minecraft:granite":31,"minecraft:copper_ingot":1,"minecraft:dirt":1,"gravestone:obituary":12,"minecraft:gold_ingot":19,"minecraft:bone":1,"minecraft:raw_copper":13,"minecraft:stone_shovel":1,"minecraft:rotten_flesh":14,"minecraft:andesite":18,"minecraft:oak_sapling":2,"minecraft:spider_eye":1,"minecraft:wooden_pickaxe":1},"minecraft:mined":{"minecraft:large_amethyst_bud":1,"minecraft:white_bed":4,"minecraft:farmland":16,"minecraft:deepslate_diamond_ore":2,"gravestone:gravestone":14,"minecraft:granite":21,"minecraft:grass_block":120,"minecraft:coal_block":8,"minecraft:large_fern":1,"minecraft:redstone_ore":1,"minecraft:furnace":1,"minecraft:carrots":5,"minecraft:iron_ore":53,"minecraft:andesite":18,"minecraft:pointed_dripstone":4,"minecraft:potatoes":29,"minecraft:deepslate_iron_ore":16,"minecraft:oak_stairs":2,"minecraft:small_amethyst_bud":1,"minecraft:stone":306,"minecraft:deepslate_redstone_ore":1,"minecraft:amethyst_cluster":2,"minecraft:crafting_table":2,"minecraft:torch":14,"minecraft:calcite":4,"minecraft:tall_grass":6,"minecraft:copper_ore":3,"minecraft:cobblestone":10,"minecraft:lapis_ore":7,"minecraft:deepslate_gold_ore":15,"minecraft:diorite":8,"minecraft:wall_torch":15,"minecraft:amethyst_block":4,"minecraft:birch_leaves":1,"minecraft:grass":62,"minecraft:oak_log":54,"minecraft:coal_ore":79,"minecraft:sand":6,"minecraft:dirt":41,"minecraft:smooth_basalt":3,"minecraft:gold_ore":4,"minecraft:oak_leaves":16,"minecraft:deepslate":5},"minecraft:killed":{"minecraft:spider":7,"minecraft:skeleton":7,"minecraft:chicken":2,"minecraft:drowned":1,"minecraft:pig":1,"jeg:boo":1,"minecraft:sheep":3,"minecraft:zombie":15,"midnightlurker:midnight_lurker_backturned":1},"minecraft:broken":{"minecraft:stone_pickaxe":2,"minecraft:stone_shovel":1},"minecraft:picked_up":{"minecraft:crafting_table":2,"minecraft:chicken":2,"blue_skies:blue_journal":1,"minecraft:wooden_pickaxe":1,"minecraft:oak_stairs":2,"minecraft:potion":1,"gravestone:obituary":4,"minecraft:amethyst_block":4,"minecraft:string":4,"minecraft:raw_copper":13,"minecraft:cobbled_deepslate":5,"minecraft:calcite":4,"minecraft:coal_block":8,"minecraft:furnace":1,"minecraft:egg":3,"minecraft:stick":2,"minecraft:raw_iron":69,"minecraft:copper_ingot":1,"minecraft:torch":31,"minecraft:porkchop":3,"minecraft:pointed_dripstone":9,"minecraft:diorite":8,"minecraft:carrot":19,"minecraft:redstone":8,"minecraft:arrow":2,"minecraft:rotten_flesh":17,"minecraft:gold_ingot":19,"minecraft:mutton":5,"minecraft:white_wool":3,"minecraft:cobblestone":315,"minecraft:feather":3,"minecraft:glow_ink_sac":6,"minecraft:andesite":18,"minecraft:potato":63,"minecraft:oak_log":54,"minecraft:dirt":187,"minecraft:lapis_lazuli":53,"minecraft:bone":5,"minecraft:bow":1,"minecraft:wheat_seeds":13,"minecraft:raw_gold":19,"minecraft:iron_sword":4,"minecraft:smooth_basalt":3,"minecraft:sand":6,"minecraft:amethyst_shard":8,"minecraft:white_bed":4,"minecraft:spider_eye":1,"minecraft:diamond":2,"jeg:ectoplasm":2,"minecraft:granite":37,"minecraft:bread":4,"minecraft:oak_sapling":2,"minecraft:coal":77},"minecraft:killed_by":{"minecraft:player":2,"sanitydim:rotting_stalker":4,"minecraft:zombie":4},"minecraft:crafted":{"minecraft:oak_planks":164,"minecraft:stone_shovel":2,"minecraft:cooked_chicken":2,"minecraft:furnace":7,"minecraft:bone_meal":12,"minecraft:cooked_mutton":5,"minecraft:glass":6,"minecraft:bow":1,"minecraft:iron_boots":1,"minecraft:stone_pickaxe":5,"minecraft:chest":5,"minecraft:stone_hoe":1,"minecraft:oak_fence":18,"minecraft:glass_bottle":6,"minecraft:cooked_porkchop":3,"minecraft:crafting_table":5,"minecraft:wooden_pickaxe":3,"minecraft:baked_potato":15,"minecraft:iron_helmet":1,"minecraft:iron_sword":1,"minecraft:bucket":1,"minecraft:stone_axe":1,"minecraft:air":0,"minecraft:oak_fence_gate":1,"minecraft:iron_chestplate":1,"minecraft:shield":1,"minecraft:stick":116,"minecraft:iron_ingot":66,"minecraft:iron_pickaxe":1,"minecraft:stone_sword":1,"minecraft:iron_leggings":1,"minecraft:gold_ingot":19,"minecraft:torch":136}},"DataVersion":3120}