{"stats":{"minecraft:killed_by":{"minecraft:player":2,"sanitydim:rotting_stalker":4,"minecraft:zombie":4},"minecraft:crafted":{"minecraft:oak_planks":276,"minecraft:stone_shovel":5,"minecraft:fishing_rod":1,"minecraft:cooked_chicken":2,"minecraft:furnace":7,"minecraft:bone_meal":12,"minecraft:cooked_mutton":5,"minecraft:glass":6,"minecraft:bow":1,"minecraft:iron_boots":1,"minecraft:stone_pickaxe":5,"minecraft:chest":7,"minecraft:stone_hoe":2,"minecraft:oak_fence":51,"minecraft:glass_bottle":6,"minecraft:cooked_cod":2,"minecraft:cooked_porkchop":3,"minecraft:crafting_table":6,"minecraft:iron_helmet":1,"minecraft:wooden_pickaxe":3,"minecraft:baked_potato":43,"minecraft:iron_sword":1,"minecraft:bucket":1,"minecraft:stone_axe":1,"minecraft:bread":4,"minecraft:air":0,"minecraft:oak_fence_gate":6,"minecraft:iron_chestplate":1,"minecraft:shield":1,"minecraft:stick":152,"minecraft:iron_ingot":66,"minecraft:iron_pickaxe":1,"minecraft:stone_sword":1,"minecraft:iron_leggings":1,"minecraft:gold_ingot":19,"minecraft:torch":184},"minecraft:used":{"minecraft:oak_fence":51,"minecraft:stone_sword":61,"minecraft:stone_shovel":367,"minecraft:chest":7,"minecraft:shield":24,"minecraft:iron_sword":128,"minecraft:cooked_chicken":2,"minecraft:stone_hoe":241,"minecraft:torch":222,"minecraft:dirt":444,"minecraft:carrot":51,"minecraft:granite":6,"minecraft:oak_fence_gate":6,"minecraft:oak_stairs":2,"minecraft:bow":2,"minecraft:oak_sapling":1,"minecraft:furnace":8,"minecraft:cooked_cod":2,"minecraft:egg":9,"minecraft:potato":81,"minecraft:cobbled_deepslate":5,"minecraft:cooked_mutton":5,"minecraft:wheat_seeds":46,"minecraft:water_bucket":17,"minecraft:glass_bottle":99,"minecraft:stone_pickaxe":393,"minecraft:baked_potato":28,"minecraft:wooden_pickaxe":26,"minecraft:crafting_table":8,"minecraft:white_bed":3,"minecraft:bread":6,"minecraft:iron_pickaxe":221,"minecraft:stone_axe":95,"minecraft:fishing_rod":1,"minecraft:cobblestone":174,"minecraft:potion":99,"minecraft:cooked_porkchop":3,"minecraft:bucket":16,"minecraft:air":11,"minecraft:bone_meal":12},"minecraft:picked_up":{"minecraft:mud":2,"minecraft:crafting_table":2,"minecraft:wheat":20,"minecraft:chicken":2,"blue_skies:blue_journal":1,"minecraft:wooden_pickaxe":1,"minecraft:oak_stairs":2,"minecraft:potion":1,"gravestone:obituary":6,"minecraft:amethyst_block":4,"minecraft:string":6,"minecraft:raw_copper":13,"minecraft:cobbled_deepslate":13,"minecraft:calcite":4,"minecraft:coal_block":8,"minecraft:furnace":1,"minecraft:egg":9,"minecraft:stick":2,"minecraft:raw_iron":69,"minecraft:oak_fence":9,"minecraft:copper_ingot":1,"minecraft:torch":48,"minecraft:porkchop":9,"minecraft:pointed_dripstone":9,"minecraft:diorite":8,"minecraft:carrot":50,"minecraft:redstone":8,"minecraft:rotten_flesh":24,"minecraft:arrow":3,"minecraft:stone_shovel":1,"minecraft:gold_ingot":19,"minecraft:mutton":14,"minecraft:cod":1,"minecraft:white_wool":8,"minecraft:cobblestone":343,"minecraft:feather":3,"minecraft:glow_ink_sac":6,"minecraft:andesite":18,"minecraft:potato":133,"minecraft:oak_log":69,"minecraft:lapis_lazuli":63,"minecraft:dirt":457,"minecraft:bone":8,"minecraft:bow":2,"minecraft:wheat_seeds":86,"minecraft:raw_gold":19,"funmod:soul_gel":1,"minecraft:iron_sword":4,"minecraft:smooth_basalt":3,"minecraft:gravel":1,"minecraft:sand":6,"minecraft:amethyst_shard":8,"minecraft:white_bed":4,"minecraft:spider_eye":3,"funmod:l_essence_of_greed":21,"jeg:ectoplasm":2,"minecraft:diamond":2,"minecraft:granite":37,"minecraft:gray_wool":1,"minecraft:bread":4,"minecraft:oak_sapling":4,"minecraft:coal":84},"minecraft:dropped":{"minecraft:stone_hoe":1,"minecraft:wheat_seeds":4,"minecraft:glow_ink_sac":3,"minecraft:granite":31,"minecraft:copper_ingot":1,"minecraft:coal":7,"minecraft:dirt":1,"minecraft:gray_wool":1,"gravestone:obituary":16,"minecraft:mud":2,"minecraft:gold_ingot":19,"minecraft:bone":1,"minecraft:raw_copper":13,"minecraft:stone_shovel":2,"minecraft:rotten_flesh":24,"minecraft:andesite":18,"minecraft:oak_sapling":3,"minecraft:spider_eye":3,"minecraft:bow":1,"minecraft:wooden_pickaxe":1},"minecraft:killed":{"minecraft:spider":9,"minecraft:skeleton":10,"minecraft:chicken":2,"minecraft:drowned":2,"minecraft:pig":4,"jeg:boo":1,"minecraft:sheep":9,"minecraft:pillager":2,"minecraft:zombie":18,"midnightlurker:midnight_lurker_backturned":1},"minecraft:custom":{"minecraft:mob_kills":60,"minecraft:animals_bred":5,"minecraft:interact_with_crafting_table":52,"minecraft:open_barrel":1,"minecraft:damage_dealt_resisted":68,"minecraft:leave_game":8,"minecraft:time_since_death":91958,"minecraft:climb_one_cm":1253,"minecraft:sprint_one_cm":499887,"minecraft:walk_one_cm":1118010,"minecraft:damage_blocked_by_shield":850,"minecraft:drop":50,"minecraft:talked_to_villager":4,"minecraft:play_time":285596,"minecraft:deaths":14,"minecraft:sneak_time":2761,"minecraft:walk_under_water_one_cm":19743,"minecraft:jump":3843,"minecraft:walk_on_water_one_cm":35383,"minecraft:total_world_time":285596,"minecraft:interact_with_furnace":104,"minecraft:sleep_in_bed":17,"minecraft:time_since_rest":13588,"minecraft:damage_taken":5430,"minecraft:damage_dealt":10344,"minecraft:swim_one_cm":39441,"minecraft:fly_one_cm":688569,"minecraft:open_chest":60,"minecraft:crouch_one_cm":6450,"minecraft:fish_caught":1,"minecraft:fall_one_cm":90610},"minecraft:broken":{"minecraft:stone_hoe":1,"minecraft:stone_pickaxe":2,"minecraft:stone_shovel":2},"minecraft:mined":{"minecraft:large_amethyst_bud":1,"minecraft:white_bed":4,"minecraft:farmland":16,"minecraft:deepslate_diamond_ore":2,"minecraft:sculk_vein":4,"gravestone:gravestone":14,"minecraft:granite":21,"minecraft:grass_block":350,"minecraft:coal_block":8,"minecraft:large_fern":1,"minecraft:redstone_ore":1,"minecraft:furnace":1,"minecraft:carrots":14,"minecraft:iron_ore":53,"minecraft:andesite":18,"minecraft:deepslate_lapis_ore":2,"minecraft:pointed_dripstone":4,"minecraft:potatoes":50,"minecraft:deepslate_iron_ore":16,"minecraft:oak_stairs":2,"minecraft:small_amethyst_bud":1,"minecraft:stone":332,"minecraft:deepslate_redstone_ore":1,"minecraft:amethyst_cluster":2,"minecraft:oak_fence":9,"minecraft:crafting_table":2,"minecraft:torch":19,"minecraft:calcite":4,"minecraft:tall_grass":58,"minecraft:copper_ore":3,"minecraft:cobblestone":12,"minecraft:lapis_ore":7,"minecraft:deepslate_gold_ore":15,"minecraft:sculk":132,"minecraft:diorite":8,"minecraft:wall_torch":16,"minecraft:amethyst_block":4,"minecraft:mud":2,"minecraft:wheat":22,"minecraft:birch_leaves":1,"minecraft:grass":146,"minecraft:oak_log":70,"minecraft:coal_ore":79,"minecraft:gravel":2,"minecraft:sand":6,"minecraft:dirt":63,"minecraft:smooth_basalt":3,"minecraft:gold_ore":4,"minecraft:oak_leaves":18,"minecraft:deepslate":13}},"DataVersion":3120}