{"stats":{"minecraft:used":{"minecraft:oak_fence":39,"minecraft:stone_sword":53,"minecraft:stone_shovel":314,"minecraft:chest":5,"minecraft:shield":23,"minecraft:iron_sword":125,"minecraft:cooked_chicken":2,"minecraft:stone_hoe":110,"minecraft:torch":167,"minecraft:dirt":360,"minecraft:carrot":31,"minecraft:granite":6,"minecraft:oak_fence_gate":4,"minecraft:oak_stairs":2,"minecraft:bow":2,"minecraft:furnace":8,"minecraft:cooked_cod":2,"minecraft:egg":6,"minecraft:potato":64,"minecraft:cobbled_deepslate":5,"minecraft:cooked_mutton":5,"minecraft:wheat_seeds":26,"minecraft:water_bucket":17,"minecraft:glass_bottle":77,"minecraft:stone_pickaxe":393,"minecraft:baked_potato":16,"minecraft:wooden_pickaxe":26,"minecraft:crafting_table":7,"minecraft:white_bed":3,"minecraft:bread":4,"minecraft:iron_pickaxe":210,"minecraft:stone_axe":79,"minecraft:cobblestone":151,"minecraft:potion":77,"minecraft:cooked_porkchop":3,"minecraft:bucket":16,"minecraft:air":10,"minecraft:bone_meal":12},"minecraft:custom":{"minecraft:mob_kills":46,"minecraft:animals_bred":1,"minecraft:interact_with_crafting_table":44,"minecraft:open_barrel":1,"minecraft:damage_dealt_resisted":68,"minecraft:leave_game":7,"minecraft:time_since_death":41248,"minecraft:climb_one_cm":1253,"minecraft:sprint_one_cm":409942,"minecraft:walk_one_cm":874397,"minecraft:damage_blocked_by_shield":800,"minecraft:drop":41,"minecraft:talked_to_villager":4,"minecraft:play_time":234886,"minecraft:deaths":14,"minecraft:sneak_time":2404,"minecraft:walk_under_water_one_cm":16705,"minecraft:jump":3364,"minecraft:walk_on_water_one_cm":35096,"minecraft:total_world_time":234886,"minecraft:interact_with_furnace":89,"minecraft:sleep_in_bed":12,"minecraft:time_since_rest":7779,"minecraft:damage_taken":5039,"minecraft:damage_dealt":8630,"minecraft:swim_one_cm":37704,"minecraft:fly_one_cm":604446,"minecraft:open_chest":54,"minecraft:crouch_one_cm":4758,"minecraft:fall_one_cm":82460},"minecraft:dropped":{"minecraft:wheat_seeds":4,"minecraft:glow_ink_sac":3,"minecraft:granite":31,"minecraft:copper_ingot":1,"minecraft:dirt":1,"gravestone:obituary":16,"minecraft:mud":1,"minecraft:gold_ingot":19,"minecraft:bone":1,"minecraft:raw_copper":13,"minecraft:stone_shovel":2,"minecraft:rotten_flesh":14,"minecraft:andesite":18,"minecraft:oak_sapling":2,"minecraft:spider_eye":1,"minecraft:wooden_pickaxe":1},"minecraft:mined":{"minecraft:large_amethyst_bud":1,"minecraft:white_bed":4,"minecraft:farmland":16,"minecraft:deepslate_diamond_ore":2,"gravestone:gravestone":14,"minecraft:granite":21,"minecraft:grass_block":295,"minecraft:coal_block":8,"minecraft:large_fern":1,"minecraft:redstone_ore":1,"minecraft:furnace":1,"minecraft:carrots":7,"minecraft:iron_ore":53,"minecraft:andesite":18,"minecraft:pointed_dripstone":4,"minecraft:potatoes":33,"minecraft:deepslate_iron_ore":16,"minecraft:oak_stairs":2,"minecraft:small_amethyst_bud":1,"minecraft:stone":331,"minecraft:deepslate_redstone_ore":1,"minecraft:amethyst_cluster":2,"minecraft:oak_fence":9,"minecraft:crafting_table":2,"minecraft:torch":15,"minecraft:calcite":4,"minecraft:tall_grass":38,"minecraft:copper_ore":3,"minecraft:cobblestone":12,"minecraft:lapis_ore":7,"minecraft:deepslate_gold_ore":15,"minecraft:diorite":8,"minecraft:wall_torch":15,"minecraft:amethyst_block":4,"minecraft:mud":1,"minecraft:wheat":2,"minecraft:birch_leaves":1,"minecraft:grass":113,"minecraft:oak_log":70,"minecraft:coal_ore":79,"minecraft:sand":6,"minecraft:dirt":53,"minecraft:smooth_basalt":3,"minecraft:gold_ore":4,"minecraft:oak_leaves":18,"minecraft:deepslate":5},"minecraft:killed":{"minecraft:spider":8,"minecraft:skeleton":7,"minecraft:chicken":2,"minecraft:drowned":2,"minecraft:pig":1,"jeg:boo":1,"minecraft:sheep":3,"minecraft:pillager":2,"minecraft:zombie":17,"midnightlurker:midnight_lurker_backturned":1},"minecraft:broken":{"minecraft:stone_pickaxe":2,"minecraft:stone_shovel":2},"minecraft:picked_up":{"minecraft:mud":1,"minecraft:crafting_table":2,"minecraft:wheat":1,"minecraft:chicken":2,"blue_skies:blue_journal":1,"minecraft:wooden_pickaxe":1,"minecraft:oak_stairs":2,"minecraft:potion":1,"gravestone:obituary":6,"minecraft:amethyst_block":4,"minecraft:string":5,"minecraft:raw_copper":13,"minecraft:cobbled_deepslate":5,"minecraft:calcite":4,"minecraft:coal_block":8,"minecraft:furnace":1,"minecraft:egg":8,"minecraft:stick":2,"minecraft:raw_iron":69,"minecraft:oak_fence":9,"minecraft:copper_ingot":1,"minecraft:torch":35,"minecraft:porkchop":3,"minecraft:pointed_dripstone":9,"minecraft:diorite":8,"minecraft:carrot":24,"minecraft:redstone":8,"minecraft:rotten_flesh":22,"minecraft:arrow":2,"minecraft:stone_shovel":1,"minecraft:gold_ingot":19,"minecraft:mutton":5,"minecraft:white_wool":3,"minecraft:cobblestone":342,"minecraft:feather":3,"minecraft:glow_ink_sac":6,"minecraft:andesite":18,"minecraft:potato":80,"minecraft:oak_log":69,"minecraft:lapis_lazuli":53,"minecraft:dirt":373,"minecraft:bone":5,"minecraft:bow":1,"minecraft:wheat_seeds":25,"minecraft:raw_gold":19,"minecraft:iron_sword":4,"minecraft:smooth_basalt":3,"minecraft:sand":6,"minecraft:amethyst_shard":8,"minecraft:white_bed":4,"minecraft:spider_eye":1,"funmod:l_essence_of_greed":7,"jeg:ectoplasm":2,"minecraft:diamond":2,"minecraft:granite":37,"minecraft:bread":4,"minecraft:oak_sapling":3,"minecraft:coal":77},"minecraft:killed_by":{"minecraft:player":2,"sanitydim:rotting_stalker":4,"minecraft:zombie":4},"minecraft:crafted":{"minecraft:oak_planks":276,"minecraft:stone_shovel":4,"minecraft:cooked_chicken":2,"minecraft:furnace":7,"minecraft:bone_meal":12,"minecraft:cooked_mutton":5,"minecraft:glass":6,"minecraft:bow":1,"minecraft:iron_boots":1,"minecraft:stone_pickaxe":5,"minecraft:chest":5,"minecraft:stone_hoe":1,"minecraft:oak_fence":51,"minecraft:glass_bottle":6,"minecraft:cooked_cod":2,"minecraft:cooked_porkchop":3,"minecraft:crafting_table":5,"minecraft:iron_helmet":1,"minecraft:wooden_pickaxe":3,"minecraft:baked_potato":18,"minecraft:iron_sword":1,"minecraft:bucket":1,"minecraft:stone_axe":1,"minecraft:air":0,"minecraft:oak_fence_gate":4,"minecraft:iron_chestplate":1,"minecraft:shield":1,"minecraft:stick":136,"minecraft:iron_ingot":66,"minecraft:iron_pickaxe":1,"minecraft:stone_sword":1,"minecraft:iron_leggings":1,"minecraft:gold_ingot":19,"minecraft:torch":136}},"DataVersion":3120}