{"stats":{"minecraft:picked_up":{"minecraft:crafting_table":2,"minecraft:stick":2,"minecraft:torch":4,"minecraft:potato":15,"minecraft:sand":6,"minecraft:oak_log":25,"minecraft:white_bed":1,"minecraft:spider_eye":1,"minecraft:dirt":9,"minecraft:bone":2,"minecraft:wheat_seeds":2,"minecraft:bread":4,"minecraft:mutton":2,"minecraft:coal":26,"minecraft:furnace":1,"minecraft:white_wool":1,"minecraft:cobblestone":23,"minecraft:egg":1},"minecraft:custom":{"minecraft:time_since_rest":1753,"minecraft:interact_with_furnace":8,"minecraft:sprint_one_cm":26824,"minecraft:damage_taken":280,"minecraft:walk_one_cm":39600,"minecraft:mob_kills":3,"minecraft:drop":3,"minecraft:damage_dealt":441,"minecraft:interact_with_crafting_table":12,"minecraft:fly_one_cm":23389,"minecraft:play_time":15502,"minecraft:crouch_one_cm":1475,"minecraft:sneak_time":750,"minecraft:jump":219,"minecraft:leave_game":1,"minecraft:time_since_death":15502,"minecraft:walk_on_water_one_cm":712,"minecraft:sleep_in_bed":1,"minecraft:total_world_time":15502,"minecraft:fall_one_cm":6470},"minecraft:killed":{"minecraft:sheep":1,"minecraft:skeleton":1,"minecraft:spider":1},"minecraft:mined":{"minecraft:white_bed":1,"minecraft:furnace":1,"minecraft:crafting_table":2,"minecraft:torch":2,"minecraft:grass":4,"minecraft:oak_log":25,"minecraft:grass_block":3,"minecraft:coal_ore":26,"minecraft:sand":6,"minecraft:dirt":6,"minecraft:tall_grass":1,"minecraft:stone":23,"minecraft:wall_torch":2,"minecraft:oak_leaves":3},"minecraft:used":{"minecraft:cooked_mutton":2,"minecraft:stone_sword":7,"minecraft:glass_bottle":10,"minecraft:stone_shovel":6,"minecraft:bread":2,"minecraft:stone_pickaxe":42,"minecraft:wooden_pickaxe":17,"minecraft:torch":11,"minecraft:stone_axe":30,"minecraft:dirt":1,"minecraft:cobblestone":2,"minecraft:potion":7,"minecraft:crafting_table":2,"minecraft:furnace":1,"minecraft:egg":1,"minecraft:air":1},"minecraft:dropped":{"minecraft:wheat_seeds":2,"minecraft:spider_eye":1},"minecraft:crafted":{"minecraft:glass_bottle":6,"minecraft:glass":6,"minecraft:oak_planks":24,"minecraft:stone_shovel":1,"minecraft:crafting_table":1,"minecraft:stick":12,"minecraft:wooden_pickaxe":1,"minecraft:stone_pickaxe":1,"minecraft:stone_sword":1,"minecraft:furnace":1,"minecraft:torch":8,"minecraft:stone_axe":1,"minecraft:air":0,"minecraft:cooked_mutton":2}},"DataVersion":3120}