{"stats":{"minecraft:picked_up":{"minecraft:crafting_table":2,"minecraft:feather":3,"minecraft:chicken":2,"minecraft:potato":15,"minecraft:oak_log":45,"minecraft:dirt":9,"minecraft:raw_copper":8,"minecraft:bone":2,"minecraft:wheat_seeds":2,"minecraft:egg":2,"minecraft:furnace":1,"minecraft:raw_iron":33,"minecraft:stick":2,"minecraft:torch":6,"minecraft:porkchop":3,"minecraft:sand":6,"minecraft:white_bed":1,"minecraft:spider_eye":1,"minecraft:rotten_flesh":2,"minecraft:bread":4,"minecraft:oak_sapling":1,"minecraft:mutton":2,"minecraft:coal":41,"minecraft:white_wool":1,"minecraft:cobblestone":60},"minecraft:killed_by":{"sanitydim:rotting_stalker":1},"minecraft:custom":{"minecraft:interact_with_furnace":8,"minecraft:mob_kills":7,"minecraft:interact_with_crafting_table":12,"minecraft:leave_game":2,"minecraft:time_since_death":0,"minecraft:sleep_in_bed":1,"minecraft:time_since_rest":2483,"minecraft:sprint_one_cm":30598,"minecraft:damage_taken":550,"minecraft:walk_one_cm":77654,"minecraft:drop":3,"minecraft:damage_dealt":820,"minecraft:swim_one_cm":1541,"minecraft:fly_one_cm":27458,"minecraft:crouch_one_cm":1622,"minecraft:play_time":31368,"minecraft:deaths":1,"minecraft:sneak_time":786,"minecraft:walk_under_water_one_cm":863,"minecraft:jump":335,"minecraft:walk_on_water_one_cm":4810,"minecraft:total_world_time":31368,"minecraft:fall_one_cm":8287},"minecraft:killed":{"minecraft:pig":1,"minecraft:spider":1,"minecraft:sheep":1,"minecraft:skeleton":1,"minecraft:zombie":1,"minecraft:chicken":2},"minecraft:mined":{"minecraft:white_bed":1,"minecraft:crafting_table":2,"minecraft:torch":2,"minecraft:grass_block":3,"minecraft:tall_grass":1,"minecraft:copper_ore":2,"minecraft:wall_torch":3,"minecraft:furnace":1,"minecraft:iron_ore":33,"minecraft:grass":4,"minecraft:coal_ore":43,"minecraft:oak_log":45,"minecraft:sand":6,"minecraft:dirt":6,"minecraft:stone":60,"minecraft:oak_leaves":10},"minecraft:used":{"minecraft:cooked_mutton":2,"minecraft:stone_sword":16,"minecraft:stone_pickaxe":131,"minecraft:glass_bottle":10,"minecraft:stone_shovel":6,"minecraft:wooden_pickaxe":17,"minecraft:torch":13,"minecraft:dirt":1,"minecraft:crafting_table":2,"minecraft:bread":3,"minecraft:stone_axe":52,"minecraft:cobblestone":2,"minecraft:potion":9,"minecraft:furnace":1,"minecraft:egg":2,"minecraft:air":1},"minecraft:dropped":{"minecraft:wheat_seeds":2,"minecraft:spider_eye":1},"minecraft:crafted":{"minecraft:glass_bottle":6,"minecraft:oak_planks":24,"minecraft:stone_shovel":1,"minecraft:crafting_table":1,"minecraft:wooden_pickaxe":1,"minecraft:furnace":1,"minecraft:stone_axe":1,"minecraft:cooked_mutton":2,"minecraft:air":0,"minecraft:glass":6,"minecraft:stick":12,"minecraft:stone_pickaxe":1,"minecraft:stone_sword":1,"minecraft:torch":8},"minecraft:broken":{"minecraft:stone_pickaxe":1}},"DataVersion":3120}