{"stats":{"minecraft:dropped":{"minecraft:wheat_seeds":2,"minecraft:glow_ink_sac":3,"minecraft:rotten_flesh":4,"minecraft:granite":30,"minecraft:andesite":18,"minecraft:oak_sapling":2,"gravestone:obituary":4,"minecraft:spider_eye":1,"minecraft:wooden_pickaxe":1},"minecraft:mined":{"minecraft:deepslate_redstone_ore":1,"minecraft:large_amethyst_bud":1,"minecraft:white_bed":1,"minecraft:deepslate_diamond_ore":2,"minecraft:amethyst_cluster":2,"minecraft:crafting_table":2,"minecraft:torch":4,"gravestone:gravestone":2,"minecraft:granite":20,"minecraft:calcite":4,"minecraft:grass_block":8,"minecraft:tall_grass":1,"minecraft:copper_ore":3,"minecraft:cobblestone":6,"minecraft:deepslate_gold_ore":15,"minecraft:lapis_ore":7,"minecraft:diorite":8,"minecraft:wall_torch":8,"minecraft:amethyst_block":4,"minecraft:redstone_ore":1,"minecraft:furnace":1,"minecraft:iron_ore":47,"minecraft:andesite":18,"minecraft:birch_leaves":1,"minecraft:grass":4,"minecraft:oak_log":54,"minecraft:coal_ore":58,"minecraft:deepslate_iron_ore":16,"minecraft:small_amethyst_bud":1,"minecraft:sand":6,"minecraft:dirt":19,"minecraft:smooth_basalt":3,"minecraft:stone":237,"minecraft:gold_ore":4,"minecraft:oak_leaves":12,"minecraft:deepslate":5},"minecraft:crafted":{"minecraft:glass_bottle":6,"minecraft:oak_planks":72,"minecraft:stone_shovel":2,"minecraft:cooked_porkchop":3,"minecraft:crafting_table":4,"minecraft:iron_helmet":1,"minecraft:wooden_pickaxe":3,"minecraft:cooked_chicken":2,"minecraft:iron_sword":1,"minecraft:furnace":5,"minecraft:bucket":1,"minecraft:stone_axe":1,"minecraft:cooked_mutton":2,"minecraft:air":0,"minecraft:glass":6,"minecraft:iron_boots":1,"minecraft:iron_chestplate":1,"minecraft:shield":1,"minecraft:stick":48,"minecraft:iron_ingot":44,"minecraft:iron_pickaxe":1,"minecraft:stone_pickaxe":5,"minecraft:iron_leggings":1,"minecraft:stone_sword":1,"minecraft:chest":2,"minecraft:torch":60,"minecraft:stone_hoe":1},"minecraft:killed_by":{"sanitydim:rotting_stalker":2},"minecraft:custom":{"minecraft:interact_with_furnace":31,"minecraft:mob_kills":22,"minecraft:interact_with_crafting_table":33,"minecraft:leave_game":3,"minecraft:time_since_death":36713,"minecraft:sleep_in_bed":3,"minecraft:time_since_rest":21602,"minecraft:sprint_one_cm":100811,"minecraft:damage_taken":1381,"minecraft:walk_one_cm":228080,"minecraft:damage_blocked_by_shield":400,"minecraft:drop":16,"minecraft:damage_dealt":3603,"minecraft:swim_one_cm":4468,"minecraft:fly_one_cm":102543,"minecraft:open_chest":11,"minecraft:crouch_one_cm":3438,"minecraft:play_time":83233,"minecraft:deaths":2,"minecraft:sneak_time":1878,"minecraft:walk_under_water_one_cm":5217,"minecraft:jump":924,"minecraft:walk_on_water_one_cm":10072,"minecraft:total_world_time":83233,"minecraft:fall_one_cm":24363},"minecraft:used":{"minecraft:cooked_mutton":2,"minecraft:water_bucket":5,"minecraft:stone_sword":38,"minecraft:stone_pickaxe":390,"minecraft:glass_bottle":25,"minecraft:stone_shovel":10,"minecraft:shield":9,"minecraft:chest":2,"minecraft:wooden_pickaxe":26,"minecraft:iron_sword":32,"minecraft:stone_hoe":17,"minecraft:cooked_chicken":2,"minecraft:torch":64,"minecraft:dirt":27,"minecraft:crafting_table":6,"minecraft:white_bed":1,"minecraft:granite":5,"minecraft:bread":4,"minecraft:iron_pickaxe":64,"minecraft:stone_axe":52,"minecraft:cobblestone":33,"minecraft:potion":23,"minecraft:furnace":6,"minecraft:cooked_porkchop":3,"minecraft:bucket":5,"minecraft:egg":2,"minecraft:potato":15,"minecraft:air":1},"minecraft:broken":{"minecraft:stone_pickaxe":2},"minecraft:picked_up":{"minecraft:crafting_table":2,"minecraft:feather":3,"minecraft:chicken":2,"minecraft:glow_ink_sac":6,"minecraft:andesite":18,"minecraft:wooden_pickaxe":1,"minecraft:potato":15,"minecraft:oak_log":54,"gravestone:obituary":2,"minecraft:string":4,"minecraft:amethyst_block":4,"minecraft:lapis_lazuli":53,"minecraft:dirt":29,"minecraft:raw_copper":13,"minecraft:bone":4,"minecraft:wheat_seeds":2,"minecraft:cobbled_deepslate":5,"minecraft:raw_gold":19,"minecraft:calcite":4,"minecraft:egg":2,"minecraft:furnace":1,"minecraft:stick":2,"minecraft:raw_iron":63,"minecraft:smooth_basalt":3,"minecraft:torch":14,"minecraft:porkchop":3,"minecraft:sand":6,"minecraft:amethyst_shard":8,"minecraft:diorite":8,"minecraft:white_bed":1,"minecraft:redstone":8,"minecraft:spider_eye":1,"minecraft:diamond":2,"minecraft:arrow":2,"minecraft:rotten_flesh":8,"minecraft:granite":35,"minecraft:bread":4,"minecraft:oak_sapling":2,"minecraft:mutton":2,"minecraft:coal":56,"minecraft:white_wool":1,"minecraft:cobblestone":243},"minecraft:killed":{"minecraft:pig":1,"minecraft:spider":5,"minecraft:skeleton":6,"minecraft:sheep":1,"minecraft:zombie":6,"minecraft:chicken":2}},"DataVersion":3120}