{"stats":{"minecraft:broken":{"minecraft:stone_hoe":1,"minecraft:stone_pickaxe":3,"minecraft:stone_axe":1,"minecraft:iron_pickaxe":1,"minecraft:iron_helmet":1,"minecraft:stone_shovel":6},"minecraft:dropped":{"minecraft:stone_hoe":1,"minecraft:iron_sword":1,"minecraft:wheat_seeds":28,"minecraft:glow_ink_sac":3,"minecraft:glass_bottle":5,"minecraft:cobblestone":2,"minecraft:granite":32,"minecraft:copper_ingot":1,"minecraft:coal":7,"minecraft:cod":2,"minecraft:music_disc_13":1,"minecraft:dirt":2,"minecraft:gray_wool":1,"minecraft:diorite":18,"minecraft:iron_leggings":1,"gravestone:obituary":23,"minecraft:white_banner":1,"minecraft:mud":2,"minecraft:music_disc_cat":1,"minecraft:gold_ingot":19,"minecraft:bone":1,"minecraft:gravel":2,"minecraft:stone_axe":1,"minecraft:stone_sword":1,"minecraft:raw_copper":13,"minecraft:tuff":3,"minecraft:stone_shovel":3,"minecraft:rotten_flesh":41,"minecraft:iron_boots":1,"minecraft:iron_chestplate":1,"minecraft:andesite":19,"minecraft:oak_sapling":3,"minecraft:spider_eye":3,"minecraft:wooden_pickaxe":1,"minecraft:bow":4},"minecraft:killed":{"minecraft:spider":13,"minecraft:skeleton":21,"minecraft:horse":1,"minecraft:chicken":4,"minecraft:drowned":2,"minecraft:pig":13,"jeg:boo":1,"minecraft:sheep":13,"minecraft:pillager":6,"minecraft:zombie":32,"midnightlurker:midnight_lurker_backturned":1},"minecraft:used":{"minecraft:oak_fence":63,"minecraft:stone_sword":72,"minecraft:stone_shovel":920,"gobber2:gobber2_gooey_bread":2,"minecraft:chest":13,"minecraft:shield":56,"minecraft:iron_sword":256,"minecraft:cooked_chicken":4,"minecraft:stone_hoe":241,"minecraft:torch":315,"minecraft:dirt":1021,"minecraft:white_carpet":4,"minecraft:carrot":77,"minecraft:granite":6,"minecraft:oak_fence_gate":11,"minecraft:milk_bucket":1,"minecraft:lava_bucket":2,"minecraft:oak_stairs":2,"minecraft:bow":13,"minecraft:oak_sapling":22,"minecraft:furnace":12,"minecraft:cooked_cod":2,"minecraft:egg":23,"minecraft:potato":108,"minecraft:cobbled_deepslate":25,"minecraft:pointed_dripstone":1,"minecraft:cooked_mutton":5,"minecraft:wheat_seeds":72,"minecraft:water_bucket":17,"minecraft:oak_planks":5,"minecraft:glass_bottle":130,"minecraft:stone_pickaxe":513,"minecraft:baked_potato":50,"minecraft:wooden_pickaxe":26,"minecraft:cauldron":1,"minecraft:sugar_cane":3,"minecraft:oak_leaves":1,"minecraft:oak_slab":77,"minecraft:crafting_table":10,"minecraft:white_bed":5,"minecraft:shears":1,"minecraft:bread":8,"minecraft:iron_pickaxe":359,"minecraft:gravel":1,"jeg:scrap_workbench":1,"minecraft:stone_axe":216,"minecraft:fishing_rod":1,"minecraft:cobblestone":227,"minecraft:potion":129,"minecraft:cooked_porkchop":7,"minecraft:bucket":19,"minecraft:air":12,"minecraft:bone_meal":12},"minecraft:killed_by":{"minecraft:player":2,"minecraft:creeper":1,"sanitydim:rotting_stalker":5,"sanitydim:sneaking_terror":4,"minecraft:zombie":4},"minecraft:custom":{"minecraft:mob_kills":109,"minecraft:animals_bred":14,"minecraft:interact_with_crafting_table":83,"minecraft:open_barrel":1,"minecraft:fill_cauldron":1,"minecraft:damage_dealt_resisted":68,"minecraft:leave_game":9,"minecraft:time_since_death":11444,"minecraft:climb_one_cm":1253,"minecraft:sprint_one_cm":782536,"minecraft:damage_blocked_by_shield":2110,"minecraft:walk_one_cm":1813374,"minecraft:drop":95,"minecraft:talked_to_villager":4,"minecraft:play_time":435288,"minecraft:sneak_time":5589,"minecraft:deaths":20,"minecraft:walk_under_water_one_cm":24317,"minecraft:jump":5694,"minecraft:walk_on_water_one_cm":56719,"minecraft:total_world_time":435288,"minecraft:interact_with_furnace":160,"minecraft:sleep_in_bed":25,"minecraft:time_since_rest":11495,"minecraft:damage_taken":8309,"minecraft:damage_dealt":18274,"minecraft:swim_one_cm":56063,"minecraft:fly_one_cm":1066918,"minecraft:open_chest":150,"minecraft:crouch_one_cm":17338,"minecraft:fish_caught":1,"minecraft:use_cauldron":1,"minecraft:fall_one_cm":130350},"minecraft:picked_up":{"minecraft:mud":2,"minecraft:crafting_table":2,"minecraft:iron_chestplate":1,"minecraft:wheat":45,"minecraft:chicken":4,"blue_skies:blue_journal":1,"minecraft:wooden_pickaxe":1,"minecraft:oak_stairs":2,"minecraft:potion":4,"gravestone:obituary":7,"minecraft:amethyst_block":4,"minecraft:string":9,"minecraft:raw_copper":13,"minecraft:white_carpet":1,"minecraft:cobbled_deepslate":29,"minecraft:calcite":4,"minecraft:coal_block":8,"minecraft:sugar_cane":3,"minecraft:chest":4,"minecraft:furnace":1,"minecraft:egg":27,"minecraft:stick":13,"minecraft:raw_iron":121,"minecraft:sandstone":1,"minecraft:oak_fence":9,"minecraft:copper_ingot":1,"minecraft:torch":67,"minecraft:porkchop":27,"minecraft:pointed_dripstone":9,"minecraft:diorite":26,"minecraft:carrot":149,"minecraft:redstone":30,"minecraft:stone_shovel":1,"minecraft:arrow":14,"minecraft:rotten_flesh":38,"minecraft:gold_ingot":19,"minecraft:mutton":21,"minecraft:cod":2,"minecraft:white_wool":23,"minecraft:cobblestone":436,"minecraft:feather":4,"minecraft:glow_ink_sac":13,"minecraft:andesite":19,"gobber2:gobber2_gooey_beefstew":2,"minecraft:potato":237,"minecraft:tuff":3,"minecraft:oak_log":141,"jeg:scrap":39,"minecraft:lapis_lazuli":120,"minecraft:dirt":1095,"minecraft:white_banner":1,"minecraft:bone":15,"minecraft:apple":1,"minecraft:bow":6,"gobber2:gobber2_gooey_beef":5,"minecraft:wheat_seeds":191,"minecraft:raw_gold":23,"gobber2:gobber2_gooey_bread":6,"minecraft:oak_fence_gate":3,"funmod:soul_gel":1,"jeg:tech_trash":5,"minecraft:glass_bottle":5,"minecraft:oak_planks":1,"minecraft:iron_sword":5,"minecraft:oak_slab":17,"minecraft:smooth_basalt":3,"minecraft:gravel":3,"minecraft:sand":22,"minecraft:amethyst_shard":8,"minecraft:white_bed":5,"minecraft:spider_eye":3,"funmod:l_essence_of_greed":67,"jeg:ectoplasm":2,"minecraft:diamond":2,"minecraft:granite":38,"minecraft:gray_wool":1,"minecraft:bread":4,"minecraft:oak_sapling":25,"gobber2:gobber2_goo":6,"minecraft:coal":106,"minecraft:oak_leaves":1},"minecraft:crafted":{"minecraft:oak_planks":384,"minecraft:stone_shovel":8,"minecraft:fishing_rod":1,"minecraft:cooked_chicken":4,"minecraft:furnace":11,"minecraft:bone_meal":12,"minecraft:white_carpet":3,"minecraft:cooked_mutton":21,"minecraft:glass":6,"minecraft:bow":1,"minecraft:iron_boots":2,"jeg:scrap_workbench":1,"minecraft:stone_pickaxe":5,"minecraft:chest":9,"minecraft:stone_hoe":2,"minecraft:oak_fence":57,"minecraft:glass_bottle":6,"minecraft:cooked_cod":2,"minecraft:oak_slab":60,"minecraft:cauldron":1,"minecraft:cooked_porkchop":18,"minecraft:crafting_table":8,"minecraft:iron_helmet":2,"minecraft:wooden_pickaxe":3,"minecraft:baked_potato":89,"minecraft:iron_sword":2,"minecraft:bucket":1,"jeg:scrap_block":1,"minecraft:stone_axe":2,"minecraft:bread":4,"minecraft:air":0,"minecraft:oak_fence_gate":8,"minecraft:iron_chestplate":1,"minecraft:charcoal":8,"minecraft:shield":1,"minecraft:stick":180,"minecraft:iron_ingot":114,"minecraft:iron_pickaxe":2,"minecraft:stone_sword":1,"minecraft:iron_leggings":2,"minecraft:gold_ingot":22,"minecraft:white_bed":1,"minecraft:torch":248,"minecraft:shears":1},"minecraft:mined":{"minecraft:large_amethyst_bud":1,"minecraft:white_bed":5,"minecraft:oak_sapling":1,"minecraft:farmland":16,"minecraft:deepslate_diamond_ore":2,"minecraft:sculk_vein":4,"minecraft:glow_lichen":1,"gravestone:gravestone":20,"minecraft:granite":22,"minecraft:grass_block":841,"minecraft:coal_block":8,"minecraft:large_fern":1,"minecraft:redstone_ore":1,"minecraft:furnace":1,"minecraft:carrots":40,"minecraft:iron_ore":85,"minecraft:fire":1,"minecraft:andesite":19,"minecraft:deepslate_lapis_ore":12,"minecraft:potatoes":78,"minecraft:pointed_dripstone":4,"minecraft:deepslate_iron_ore":37,"minecraft:small_amethyst_bud":1,"minecraft:oak_stairs":2,"minecraft:stone":414,"minecraft:oak_slab":17,"minecraft:deepslate_redstone_ore":6,"minecraft:amethyst_cluster":2,"minecraft:oak_fence":9,"minecraft:crafting_table":2,"minecraft:torch":29,"minecraft:calcite":4,"minecraft:chest":4,"minecraft:copper_ore":3,"minecraft:tall_grass":74,"minecraft:cobblestone":16,"minecraft:lapis_ore":7,"minecraft:deepslate_gold_ore":15,"minecraft:oak_planks":1,"minecraft:sugar_cane":1,"minecraft:sculk":132,"minecraft:diorite":26,"minecraft:wall_torch":17,"minecraft:amethyst_block":4,"jeg:deepslate_scrap_ore":20,"minecraft:mud":3,"minecraft:wheat":48,"minecraft:white_carpet":1,"minecraft:birch_leaves":1,"gobber2:gobber2_lucky_block_deepslate":19,"minecraft:grass":348,"minecraft:oak_log":142,"minecraft:coal_ore":101,"minecraft:oak_fence_gate":3,"minecraft:gravel":4,"minecraft:sand":23,"minecraft:dirt":144,"minecraft:cobweb":2,"minecraft:smooth_basalt":3,"minecraft:gold_ore":7,"minecraft:oak_leaves":91,"minecraft:deepslate":27}},"DataVersion":3120}