{"stats":{"minecraft:killed_by":{"minecraft:creeper":1,"sanitydim:rotting_stalker":1,"midnightlurker:void_hands":2,"sanitydim:sneaking_terror":1,"minecraft:skeleton":4,"minecraft:zombie":9,"midnightlurker:midnight_lurker_stare":1},"minecraft:crafted":{"minecraft:oak_planks":44,"minecraft:cobblestone_slab":6,"minecraft:furnace":3,"minecraft:iron_boots":1,"minecraft:stone_pickaxe":4,"minecraft:chest":3,"minecraft:glass_bottle":3,"sophisticatedbackpacks:backpack":1,"minecraft:crafting_table":2,"minecraft:iron_helmet":2,"minecraft:baked_potato":1,"minecraft:wooden_pickaxe":1,"minecraft:iron_sword":2,"minecraft:copper_ingot":32,"minecraft:birch_planks":76,"minecraft:bucket":1,"minecraft:stone_axe":1,"minecraft:air":0,"minecraft:iron_chestplate":1,"minecraft:charcoal":2,"minecraft:shield":2,"minecraft:stick":72,"minecraft:iron_ingot":55,"minecraft:iron_pickaxe":3,"minecraft:iron_leggings":1,"minecraft:torch":204,"toughasnails:empty_canteen":1},"minecraft:used":{"minecraft:chest":2,"gobber2:gobber2_gooey_bread":10,"minecraft:shield":89,"minecraft:iron_sword":414,"minecraft:iron_chestplate":1,"minecraft:torch":241,"minecraft:dirt":120,"minecraft:granite":22,"minecraft:milk_bucket":3,"sophisticatedbackpacks:diamond_backpack":5,"minecraft:lava_bucket":196,"minecraft:iron_helmet":1,"minecraft:bow":3,"minecraft:oak_sapling":2,"minecraft:furnace":4,"minecraft:cooked_beef":6,"minecraft:cobbled_deepslate":224,"minecraft:pointed_dripstone":1,"minecraft:water_bucket":1,"minecraft:diorite":12,"minecraft:birch_planks":3,"minecraft:glass_bottle":48,"minecraft:stone_pickaxe":458,"minecraft:wooden_pickaxe":59,"minecraft:cobblestone_slab":8,"minecraft:crafting_table":15,"sophisticatedbackpacks:backpack":1,"minecraft:apple":2,"gobber2:gobber2_gooey_beefstew":3,"minecraft:iron_pickaxe":682,"minecraft:stone_axe":113,"minecraft:cobblestone":130,"minecraft:potion":42,"toughasnails:purified_water_bottle":3,"minecraft:andesite":11,"minecraft:bucket":198,"minecraft:air":1},"minecraft:picked_up":{"jeg:makeshift_stock":1,"minecraft:crafting_table":14,"minecraft:clay_ball":20,"minecraft:potion":2,"gravestone:obituary":8,"minecraft:amethyst_block":8,"minecraft:cornflower":8,"minecraft:string":6,"minecraft:raw_copper":216,"minecraft:moss_carpet":1,"minecraft:cobbled_deepslate":436,"minecraft:spruce_planks":2,"minecraft:cobblestone_slab":2,"minecraft:calcite":1,"minecraft:iron_pickaxe":1,"minecraft:raw_copper_block":1,"minecraft:furnace":2,"minecraft:stick":4,"minecraft:raw_iron":165,"minecraft:copper_ingot":3,"jeg:pistol_ammo":5,"minecraft:oak_fence":2,"minecraft:torch":33,"sophisticatedbackpacks:backpack":1,"minecraft:pointed_dripstone":1,"minecraft:diorite":22,"minecraft:carrot":1,"gobber2:gobber2_foo":11,"minecraft:arrow":24,"jeg:healing_talisman":2,"minecraft:rotten_flesh":62,"jeg:waterpipe_shotgun":2,"minecraft:mutton":2,"jeg:raw_brimstone":5,"minecraft:white_wool":1,"minecraft:cobblestone":206,"minecraft:birch_log":19,"minecraft:cooked_beef":6,"minecraft:andesite":19,"gobber2:gobber2_gooey_beefstew":7,"minecraft:leather":6,"minecraft:flint":5,"minecraft:tuff":9,"minecraft:oak_log":46,"jeg:scrap":122,"minecraft:gunpowder":7,"minecraft:lapis_lazuli":7,"minecraft:dirt":128,"jeg:grenade":2,"minecraft:bone":24,"minecraft:apple":2,"minecraft:bow":2,"gobber2:gobber2_gooey_beef":10,"minecraft:wheat_seeds":10,"minecraft:raw_gold":1,"minecraft:stone_pickaxe":1,"minecraft:iron_ingot":15,"jeg:tech_trash":9,"minecraft:iron_sword":4,"minecraft:oak_planks":4,"gobber2:gobber2_gooey_bread":21,"sophisticatedbackpacks:diamond_backpack":4,"minecraft:dandelion":4,"minecraft:dripstone_block":1,"minecraft:gravel":24,"minecraft:sand":2,"minecraft:amethyst_shard":12,"minecraft:spider_eye":1,"jeg:handmade_shell":5,"minecraft:iron_hoe":1,"funmod:l_essence_of_greed":12,"minecraft:slime_ball":2,"jeg:ectoplasm":3,"minecraft:diamond":16,"minecraft:crossbow":1,"minecraft:granite":29,"minecraft:emerald":2,"minecraft:oak_sapling":5,"gobber2:gobber2_goo":18,"minecraft:coal":102,"minecraft:ender_pearl":2},"minecraft:dropped":{"minecraft:iron_sword":1,"minecraft:wheat_seeds":7,"minecraft:dripstone_block":1,"minecraft:cobblestone":1,"minecraft:coal":10,"minecraft:dirt":1,"minecraft:diorite":6,"minecraft:potion":1,"gravestone:obituary":30,"jeg:waterpipe_shotgun":1,"minecraft:dandelion":3,"minecraft:raw_iron":25,"minecraft:rotten_flesh":17,"minecraft:andesite":1,"minecraft:stone_pickaxe":1,"minecraft:raw_gold":1},"minecraft:killed":{"minecraft:spider":5,"minecraft:skeleton":17,"jeg:ghoul":3,"minecraft:creeper":2,"minecraft:sheep":1,"minecraft:zombie":28,"minecraft:cow":4,"minecraft:enderman":1},"minecraft:custom":{"minecraft:mob_kills":75,"minecraft:interact_with_crafting_table":62,"minecraft:damage_dealt_resisted":946,"minecraft:leave_game":13,"minecraft:time_since_death":6062,"minecraft:climb_one_cm":57,"minecraft:sprint_one_cm":443666,"minecraft:walk_one_cm":874087,"minecraft:damage_blocked_by_shield":3250,"minecraft:drop":66,"minecraft:damage_dealt_absorbed":242,"minecraft:play_time":348550,"minecraft:sneak_time":17544,"minecraft:deaths":34,"minecraft:walk_under_water_one_cm":20918,"minecraft:jump":4151,"minecraft:walk_on_water_one_cm":16057,"minecraft:total_world_time":348550,"minecraft:interact_with_furnace":57,"minecraft:sleep_in_bed":6,"minecraft:time_since_rest":6089,"minecraft:damage_taken":9702,"minecraft:damage_dealt":15378,"minecraft:swim_one_cm":13238,"minecraft:fly_one_cm":221861,"minecraft:open_chest":47,"minecraft:crouch_one_cm":39027,"minecraft:fall_one_cm":94305},"minecraft:broken":{"minecraft:iron_boots":1,"minecraft:wooden_pickaxe":1,"minecraft:stone_pickaxe":2,"minecraft:shield":1,"minecraft:stone_axe":1,"minecraft:iron_pickaxe":2,"minecraft:iron_helmet":1},"minecraft:mined":{"minecraft:tuff":8,"jeg:brimstone_ore":5,"minecraft:spruce_planks":2,"minecraft:deepslate_diamond_ore":16,"minecraft:sculk_vein":1,"gravestone:gravestone":31,"minecraft:granite":31,"minecraft:budding_amethyst":2,"minecraft:grass_block":25,"gobber2:gobber2_lucky_block":42,"minecraft:large_fern":3,"minecraft:furnace":2,"minecraft:iron_ore":103,"minecraft:cobbled_deepslate":31,"minecraft:andesite":22,"minecraft:moss_carpet":1,"minecraft:pointed_dripstone":1,"minecraft:deepslate_iron_ore":23,"minecraft:cobblestone_slab":3,"minecraft:stone":178,"sophisticatedbackpacks:backpack":1,"jeg:scrap_ore":46,"minecraft:amethyst_cluster":3,"minecraft:dandelion":1,"minecraft:clay":5,"minecraft:crafting_table":14,"minecraft:cornflower":1,"minecraft:torch":20,"minecraft:emerald_ore":2,"minecraft:calcite":1,"minecraft:sculk_sensor":1,"minecraft:tall_grass":7,"minecraft:copper_ore":61,"minecraft:cobblestone":33,"minecraft:lapis_ore":1,"minecraft:sculk":3,"minecraft:diorite":16,"minecraft:wall_torch":9,"minecraft:amethyst_block":8,"jeg:deepslate_scrap_ore":14,"sophisticatedbackpacks:diamond_backpack":3,"minecraft:birch_log":19,"minecraft:birch_leaves":1,"gobber2:gobber2_lucky_block_deepslate":25,"minecraft:grass":38,"minecraft:oak_log":48,"minecraft:coal_ore":96,"minecraft:dripstone_block":4,"minecraft:gravel":22,"minecraft:sand":2,"minecraft:dirt":33,"minecraft:cobweb":1,"minecraft:raw_copper_block":1,"minecraft:gold_ore":1,"minecraft:oak_leaves":12,"minecraft:deepslate":401,"minecraft:fern":1}},"DataVersion":3120}