{"stats":{"minecraft:dropped":{"minecraft:dripstone_block":1,"minecraft:cobblestone":1,"minecraft:coal":10,"minecraft:dirt":1,"minecraft:diorite":3,"minecraft:andesite":1,"gravestone:obituary":4,"jeg:waterpipe_shotgun":1,"minecraft:raw_gold":1},"minecraft:mined":{"jeg:brimstone_ore":5,"jeg:scrap_ore":40,"minecraft:crafting_table":5,"minecraft:torch":4,"minecraft:granite":22,"gravestone:gravestone":3,"minecraft:emerald_ore":1,"minecraft:grass_block":5,"gobber2:gobber2_lucky_block":41,"minecraft:copper_ore":60,"minecraft:cobblestone":11,"minecraft:diorite":14,"minecraft:wall_torch":5,"jeg:deepslate_scrap_ore":10,"minecraft:furnace":1,"minecraft:birch_log":19,"minecraft:iron_ore":70,"minecraft:cobbled_deepslate":9,"minecraft:birch_leaves":1,"minecraft:andesite":12,"gobber2:gobber2_lucky_block_deepslate":25,"minecraft:grass":2,"minecraft:oak_log":48,"minecraft:pointed_dripstone":1,"minecraft:coal_ore":81,"minecraft:deepslate_iron_ore":5,"minecraft:gravel":17,"minecraft:dripstone_block":4,"minecraft:dirt":6,"minecraft:stone":121,"minecraft:gold_ore":1,"minecraft:oak_leaves":12,"minecraft:deepslate":245},"minecraft:crafted":{"minecraft:glass_bottle":3,"minecraft:oak_planks":28,"minecraft:crafting_table":2,"minecraft:iron_helmet":1,"minecraft:wooden_pickaxe":1,"minecraft:baked_potato":1,"minecraft:iron_sword":1,"minecraft:furnace":2,"minecraft:copper_ingot":32,"minecraft:bucket":1,"minecraft:birch_planks":76,"minecraft:stone_axe":1,"minecraft:air":0,"minecraft:iron_boots":1,"minecraft:iron_chestplate":1,"minecraft:shield":1,"minecraft:stick":48,"minecraft:iron_ingot":52,"minecraft:iron_pickaxe":2,"minecraft:stone_pickaxe":4,"minecraft:iron_leggings":1,"minecraft:chest":2,"minecraft:torch":88},"minecraft:custom":{"minecraft:interact_with_furnace":47,"minecraft:mob_kills":11,"minecraft:interact_with_crafting_table":42,"minecraft:leave_game":6,"minecraft:time_since_death":43799,"minecraft:sleep_in_bed":1,"minecraft:time_since_rest":43824,"minecraft:sprint_one_cm":87287,"minecraft:damage_taken":1267,"minecraft:walk_one_cm":330213,"minecraft:damage_blocked_by_shield":520,"minecraft:drop":23,"minecraft:damage_dealt":2549,"minecraft:fly_one_cm":41957,"minecraft:open_chest":33,"minecraft:crouch_one_cm":7978,"minecraft:play_time":138850,"minecraft:deaths":4,"minecraft:sneak_time":3251,"minecraft:walk_under_water_one_cm":3748,"minecraft:jump":1668,"minecraft:walk_on_water_one_cm":867,"minecraft:total_world_time":138850,"minecraft:fall_one_cm":31375},"minecraft:killed_by":{"midnightlurker:void_hands":2,"minecraft:zombie":1},"minecraft:used":{"minecraft:water_bucket":1,"minecraft:diorite":9,"minecraft:birch_planks":3,"minecraft:glass_bottle":9,"minecraft:stone_pickaxe":414,"minecraft:chest":2,"gobber2:gobber2_gooey_bread":6,"minecraft:wooden_pickaxe":59,"minecraft:shield":17,"minecraft:iron_sword":32,"minecraft:iron_chestplate":1,"minecraft:torch":103,"minecraft:dirt":3,"minecraft:crafting_table":6,"minecraft:milk_bucket":1,"minecraft:apple":2,"minecraft:lava_bucket":12,"gobber2:gobber2_gooey_beefstew":2,"minecraft:iron_pickaxe":308,"minecraft:stone_axe":92,"minecraft:cobblestone":29,"minecraft:potion":6,"toughasnails:purified_water_bottle":1,"minecraft:oak_sapling":2,"minecraft:furnace":3,"minecraft:bucket":14,"minecraft:cobbled_deepslate":114,"minecraft:pointed_dripstone":1},"minecraft:broken":{"minecraft:stone_pickaxe":2,"minecraft:wooden_pickaxe":1},"minecraft:picked_up":{"minecraft:birch_log":19,"jeg:makeshift_stock":1,"minecraft:crafting_table":5,"minecraft:cooked_beef":4,"minecraft:andesite":9,"minecraft:leather":4,"gobber2:gobber2_gooey_beefstew":6,"minecraft:potion":1,"minecraft:flint":4,"minecraft:oak_log":46,"gravestone:obituary":2,"jeg:scrap":103,"minecraft:gunpowder":2,"minecraft:dirt":25,"minecraft:raw_copper":208,"minecraft:bone":1,"minecraft:apple":2,"gobber2:gobber2_gooey_beef":10,"minecraft:wheat_seeds":1,"minecraft:cobbled_deepslate":243,"minecraft:raw_gold":1,"minecraft:iron_ingot":15,"minecraft:iron_sword":2,"jeg:tech_trash":7,"gobber2:gobber2_gooey_bread":21,"minecraft:furnace":1,"minecraft:stick":4,"minecraft:raw_iron":89,"minecraft:copper_ingot":3,"minecraft:dandelion":2,"minecraft:torch":12,"minecraft:gravel":21,"minecraft:dripstone_block":1,"minecraft:pointed_dripstone":1,"minecraft:diorite":16,"minecraft:carrot":1,"gobber2:gobber2_foo":11,"minecraft:arrow":1,"minecraft:rotten_flesh":2,"jeg:waterpipe_shotgun":2,"minecraft:granite":20,"minecraft:emerald":1,"minecraft:oak_sapling":5,"jeg:raw_brimstone":5,"minecraft:coal":80,"gobber2:gobber2_goo":18,"minecraft:cobblestone":130,"minecraft:ender_pearl":1},"minecraft:killed":{"minecraft:skeleton":1,"minecraft:zombie":4,"minecraft:cow":3,"minecraft:enderman":1}},"DataVersion":3120}