{"stats":{"minecraft:dropped":{"minecraft:dripstone_block":1,"minecraft:cobblestone":1,"minecraft:coal":10,"minecraft:dirt":1,"minecraft:diorite":3,"minecraft:andesite":1,"gravestone:obituary":4,"jeg:waterpipe_shotgun":1,"minecraft:raw_gold":1},"minecraft:mined":{"jeg:brimstone_ore":5,"jeg:scrap_ore":40,"minecraft:crafting_table":4,"minecraft:torch":3,"minecraft:granite":2,"gravestone:gravestone":3,"minecraft:emerald_ore":1,"minecraft:grass_block":4,"gobber2:gobber2_lucky_block":35,"minecraft:copper_ore":60,"minecraft:cobblestone":6,"minecraft:diorite":14,"minecraft:wall_torch":3,"jeg:deepslate_scrap_ore":10,"minecraft:furnace":1,"minecraft:birch_log":19,"minecraft:iron_ore":62,"minecraft:cobbled_deepslate":3,"minecraft:birch_leaves":1,"minecraft:andesite":10,"gobber2:gobber2_lucky_block_deepslate":25,"minecraft:grass":2,"minecraft:oak_log":48,"minecraft:pointed_dripstone":1,"minecraft:coal_ore":67,"minecraft:deepslate_iron_ore":5,"minecraft:gravel":17,"minecraft:dripstone_block":4,"minecraft:dirt":5,"minecraft:stone":92,"minecraft:gold_ore":1,"minecraft:oak_leaves":12,"minecraft:deepslate":245},"minecraft:crafted":{"minecraft:glass_bottle":3,"minecraft:oak_planks":28,"minecraft:crafting_table":1,"minecraft:wooden_pickaxe":1,"minecraft:baked_potato":1,"minecraft:iron_sword":1,"minecraft:furnace":2,"minecraft:copper_ingot":21,"minecraft:bucket":1,"minecraft:birch_planks":76,"minecraft:stone_axe":1,"minecraft:air":0,"minecraft:iron_chestplate":1,"minecraft:shield":1,"minecraft:stick":48,"minecraft:iron_ingot":52,"minecraft:iron_pickaxe":2,"minecraft:stone_pickaxe":4,"minecraft:chest":2,"minecraft:torch":88},"minecraft:custom":{"minecraft:interact_with_furnace":41,"minecraft:mob_kills":6,"minecraft:interact_with_crafting_table":41,"minecraft:leave_game":6,"minecraft:time_since_death":31799,"minecraft:sleep_in_bed":1,"minecraft:time_since_rest":31824,"minecraft:sprint_one_cm":70482,"minecraft:damage_taken":1208,"minecraft:walk_one_cm":291873,"minecraft:damage_blocked_by_shield":490,"minecraft:drop":23,"minecraft:damage_dealt":2228,"minecraft:fly_one_cm":35521,"minecraft:open_chest":31,"minecraft:crouch_one_cm":6075,"minecraft:play_time":126850,"minecraft:deaths":4,"minecraft:sneak_time":2364,"minecraft:jump":1434,"minecraft:walk_on_water_one_cm":39,"minecraft:total_world_time":126850,"minecraft:fall_one_cm":28709},"minecraft:killed_by":{"midnightlurker:void_hands":2,"minecraft:zombie":1},"minecraft:used":{"minecraft:water_bucket":1,"minecraft:diorite":9,"minecraft:birch_planks":3,"minecraft:glass_bottle":9,"minecraft:stone_pickaxe":383,"minecraft:chest":2,"gobber2:gobber2_gooey_bread":5,"minecraft:wooden_pickaxe":59,"minecraft:shield":16,"minecraft:iron_sword":30,"minecraft:iron_chestplate":1,"minecraft:torch":94,"minecraft:dirt":3,"minecraft:crafting_table":5,"minecraft:apple":2,"minecraft:lava_bucket":3,"gobber2:gobber2_gooey_beefstew":2,"minecraft:iron_pickaxe":249,"minecraft:stone_axe":86,"minecraft:cobblestone":24,"minecraft:potion":6,"minecraft:oak_sapling":2,"minecraft:furnace":3,"minecraft:bucket":5,"minecraft:cobbled_deepslate":77,"minecraft:pointed_dripstone":1},"minecraft:broken":{"minecraft:stone_pickaxe":2,"minecraft:wooden_pickaxe":1},"minecraft:picked_up":{"minecraft:birch_log":19,"jeg:makeshift_stock":1,"minecraft:crafting_table":4,"minecraft:andesite":7,"gobber2:gobber2_gooey_beefstew":6,"minecraft:potion":1,"minecraft:flint":4,"minecraft:oak_log":46,"gravestone:obituary":2,"jeg:scrap":103,"minecraft:gunpowder":2,"minecraft:dirt":9,"minecraft:raw_copper":208,"minecraft:bone":1,"minecraft:apple":2,"gobber2:gobber2_gooey_beef":10,"minecraft:wheat_seeds":1,"minecraft:cobbled_deepslate":237,"minecraft:raw_gold":1,"minecraft:iron_ingot":15,"minecraft:iron_sword":2,"jeg:tech_trash":7,"gobber2:gobber2_gooey_bread":20,"minecraft:furnace":1,"minecraft:stick":4,"minecraft:raw_iron":81,"minecraft:copper_ingot":3,"minecraft:torch":9,"minecraft:gravel":21,"minecraft:dripstone_block":1,"minecraft:pointed_dripstone":1,"minecraft:diorite":16,"minecraft:carrot":1,"gobber2:gobber2_foo":9,"minecraft:rotten_flesh":1,"jeg:waterpipe_shotgun":2,"minecraft:emerald":1,"minecraft:oak_sapling":5,"jeg:raw_brimstone":5,"minecraft:coal":66,"gobber2:gobber2_goo":15,"minecraft:cobblestone":96,"minecraft:ender_pearl":1},"minecraft:killed":{"minecraft:zombie":3,"minecraft:enderman":1}},"DataVersion":3120}