{"stats":{"minecraft:broken":{"minecraft:iron_boots":1,"minecraft:iron_chestplate":1,"minecraft:iron_leggings":1,"minecraft:wooden_pickaxe":1,"minecraft:stone_pickaxe":2,"minecraft:shield":1,"minecraft:stone_axe":1,"minecraft:iron_pickaxe":7,"minecraft:iron_helmet":2},"minecraft:dropped":{"minecraft:iron_sword":1,"minecraft:wheat_seeds":7,"minecraft:dripstone_block":1,"minecraft:cobblestone":1,"minecraft:coal":10,"minecraft:dirt":1,"minecraft:diorite":6,"minecraft:potion":1,"gravestone:obituary":107,"jeg:waterpipe_shotgun":1,"minecraft:dandelion":3,"minecraft:gravel":4,"minecraft:raw_iron":25,"minecraft:rotten_flesh":17,"minecraft:andesite":1,"minecraft:stone_pickaxe":1,"minecraft:raw_gold":1},"minecraft:used":{"minecraft:chest":2,"gobber2:gobber2_gooey_bread":13,"minecraft:shield":117,"minecraft:iron_sword":613,"minecraft:netherrack":383,"minecraft:iron_chestplate":1,"minecraft:torch":274,"minecraft:warped_wart_block":4,"minecraft:dirt":120,"minecraft:granite":22,"minecraft:milk_bucket":3,"sophisticatedbackpacks:diamond_backpack":5,"minecraft:iron_hoe":2,"minecraft:lava_bucket":229,"minecraft:iron_helmet":1,"minecraft:basalt":143,"minecraft:bow":3,"minecraft:oak_sapling":2,"minecraft:furnace":5,"minecraft:netherite_pickaxe":1,"minecraft:cooked_beef":7,"minecraft:cobbled_deepslate":320,"minecraft:pointed_dripstone":1,"minecraft:water_bucket":1,"minecraft:diorite":12,"minecraft:birch_planks":3,"minecraft:glass_bottle":48,"minecraft:stone_pickaxe":506,"minecraft:wooden_pickaxe":59,"minecraft:cobblestone_slab":8,"minecraft:cookie":8,"minecraft:crafting_table":19,"minecraft:crossbow":8,"gobber2:gobber2_gooey_bread_nether":1,"sophisticatedbackpacks:backpack":1,"minecraft:diamond_pickaxe":35,"minecraft:apple":2,"gobber2:gobber2_gooey_beefstew":3,"minecraft:iron_pickaxe":1915,"minecraft:gravel":4,"minecraft:stone_axe":113,"minecraft:cobblestone":130,"minecraft:potion":45,"minecraft:cobbled_deepslate_slab":7,"minecraft:smithing_table":1,"minecraft:andesite":11,"minecraft:bucket":233,"jeg:waterpipe_shotgun":5,"minecraft:air":1},"minecraft:killed":{"minecraft:zombified_piglin":10,"minecraft:spider":5,"minecraft:skeleton":17,"jeg:ghoul":3,"minecraft:magma_cube":44,"minecraft:piglin":3,"minecraft:creeper":2,"minecraft:sheep":1,"minecraft:zombie":30,"minecraft:wither_skeleton":5,"minecraft:enderman":1,"minecraft:cow":4},"minecraft:killed_by":{"minecraft:zombified_piglin":9,"minecraft:wither_skeleton":5,"minecraft:creeper":1,"minecraft:magma_cube":6,"sanitydim:rotting_stalker":1,"midnightlurker:void_hands":2,"sanitydim:sneaking_terror":1,"minecraft:warden":5,"minecraft:piglin":1,"minecraft:skeleton":4,"the_one_who_watches:toww_running":1,"minecraft:blaze":2,"minecraft:zombie":10,"midnightlurker:midnight_lurker_stare":1},"minecraft:custom":{"minecraft:interact_with_smithing_table":2,"minecraft:mob_kills":141,"minecraft:interact_with_crafting_table":79,"minecraft:damage_dealt_resisted":958,"minecraft:leave_game":15,"minecraft:time_since_death":9053,"minecraft:climb_one_cm":57,"minecraft:sprint_one_cm":611936,"minecraft:walk_one_cm":1273336,"minecraft:damage_blocked_by_shield":4210,"minecraft:drop":144,"minecraft:damage_dealt_absorbed":242,"minecraft:play_time":498908,"minecraft:sneak_time":32945,"minecraft:deaths":79,"minecraft:walk_under_water_one_cm":20918,"minecraft:jump":5910,"minecraft:walk_on_water_one_cm":16057,"minecraft:total_world_time":498908,"minecraft:interact_with_furnace":73,"minecraft:sleep_in_bed":7,"minecraft:time_since_rest":9062,"minecraft:damage_taken":22285,"minecraft:damage_dealt":22914,"minecraft:swim_one_cm":13238,"minecraft:fly_one_cm":308419,"minecraft:open_chest":67,"minecraft:crouch_one_cm":69302,"minecraft:fall_one_cm":132299},"minecraft:picked_up":{"jeg:makeshift_stock":1,"minecraft:iron_chestplate":1,"minecraft:crafting_table":17,"minecraft:chainmail_boots":1,"minecraft:clay_ball":20,"minecraft:smithing_table":1,"minecraft:gold_block":1,"minecraft:potion":2,"gravestone:obituary":33,"minecraft:golden_sword":1,"minecraft:amethyst_block":8,"minecraft:cornflower":8,"minecraft:string":12,"minecraft:moss_carpet":1,"minecraft:raw_copper":216,"gobber2:gobber2_glass_nether":1,"minecraft:blackstone":110,"minecraft:gold_nugget":11,"minecraft:cobbled_deepslate":455,"minecraft:spruce_planks":2,"minecraft:cobblestone_slab":2,"minecraft:calcite":1,"minecraft:iron_pickaxe":1,"minecraft:iron_boots":1,"minecraft:raw_copper_block":1,"minecraft:furnace":3,"minecraft:stick":4,"minecraft:raw_iron":167,"jeg:pistol_ammo":5,"minecraft:copper_ingot":3,"minecraft:oak_fence":2,"minecraft:torch":38,"sophisticatedbackpacks:backpack":1,"minecraft:cookie":15,"minecraft:pointed_dripstone":1,"minecraft:diorite":22,"minecraft:carrot":3,"gobber2:gobber2_foo":11,"jeg:healing_talisman":2,"minecraft:arrow":24,"minecraft:rotten_flesh":74,"minecraft:nether_bricks":18,"gobber2:gobber2_gooey_beef_nether":1,"jeg:waterpipe_shotgun":2,"minecraft:mutton":2,"jeg:raw_brimstone":43,"minecraft:white_wool":1,"minecraft:cobblestone":206,"minecraft:birch_log":19,"minecraft:magma_block":1,"minecraft:cooked_beef":7,"minecraft:basalt":539,"minecraft:magma_cream":2,"minecraft:andesite":19,"gobber2:gobber2_gooey_beefstew":7,"minecraft:leather":6,"minecraft:flint":6,"minecraft:tuff":13,"minecraft:oak_log":46,"minecraft:ancient_debris":4,"jeg:scrap":122,"minecraft:golden_boots":1,"gobber2:gobber2_gooey_bread_nether":2,"minecraft:gunpowder":7,"minecraft:lapis_lazuli":7,"minecraft:dirt":130,"jeg:grenade":2,"minecraft:bone":27,"minecraft:apple":2,"minecraft:bow":2,"gobber2:gobber2_gooey_beef":10,"minecraft:wheat_seeds":10,"minecraft:raw_gold":2,"minecraft:cobbled_deepslate_slab":2,"minecraft:iron_ingot":45,"minecraft:stone_pickaxe":1,"gobber2:gobber2_gooey_beefstew_nether":1,"minecraft:glowstone_dust":13,"minecraft:iron_sword":5,"minecraft:oak_planks":4,"jeg:tech_trash":9,"gobber2:gobber2_gooey_bread":21,"sophisticatedbackpacks:diamond_backpack":4,"gobber2:gobber2_rod_nether":1,"minecraft:warped_wart_block":4,"minecraft:quartz":7,"minecraft:dandelion":4,"minecraft:dripstone_block":1,"minecraft:gravel":37,"minecraft:sand":2,"minecraft:amethyst_shard":12,"minecraft:crying_obsidian":1,"minecraft:spider_eye":1,"jeg:handmade_shell":5,"minecraft:iron_hoe":1,"funmod:l_essence_of_greed":77,"minecraft:slime_ball":2,"jeg:ectoplasm":3,"minecraft:diamond":16,"minecraft:crossbow":1,"minecraft:granite":29,"minecraft:emerald":2,"minecraft:oak_sapling":5,"minecraft:netherrack":565,"gobber2:gobber2_goo":18,"minecraft:coal":105,"gobber2:gobber2_goo_nether":1,"minecraft:ender_pearl":2},"minecraft:crafted":{"minecraft:cobbled_deepslate_slab":6,"minecraft:oak_planks":60,"minecraft:cobblestone_slab":6,"minecraft:furnace":3,"minecraft:iron_boots":2,"minecraft:stone_pickaxe":4,"minecraft:chest":3,"minecraft:netherite_scrap":4,"minecraft:glass_bottle":3,"minecraft:netherite_pickaxe":1,"sophisticatedbackpacks:backpack":1,"minecraft:crafting_table":3,"minecraft:iron_helmet":3,"minecraft:wooden_pickaxe":1,"minecraft:baked_potato":1,"minecraft:iron_sword":3,"minecraft:smithing_table":1,"minecraft:copper_ingot":32,"minecraft:bucket":1,"minecraft:birch_planks":76,"minecraft:stone_axe":1,"minecraft:air":0,"minecraft:iron_chestplate":2,"minecraft:diamond_pickaxe":1,"minecraft:charcoal":2,"minecraft:shield":2,"minecraft:stick":88,"minecraft:iron_ingot":74,"minecraft:iron_pickaxe":8,"minecraft:iron_leggings":2,"minecraft:netherite_ingot":1,"minecraft:torch":232},"minecraft:mined":{"minecraft:nether_gold_ore":2,"minecraft:crying_obsidian":1,"jeg:brimstone_ore":5,"minecraft:tuff":12,"minecraft:spruce_planks":2,"minecraft:deepslate_diamond_ore":16,"minecraft:sculk_vein":5,"minecraft:cobbled_deepslate_slab":2,"minecraft:nether_bricks":19,"minecraft:granite":31,"gravestone:gravestone":75,"minecraft:budding_amethyst":2,"minecraft:grass_block":25,"gobber2:gobber2_lucky_block":42,"minecraft:large_fern":3,"minecraft:magma_block":1,"minecraft:glowstone":4,"minecraft:furnace":3,"minecraft:sculk_catalyst":1,"minecraft:iron_ore":103,"minecraft:fire":68,"minecraft:cobbled_deepslate":40,"minecraft:andesite":22,"minecraft:moss_carpet":1,"minecraft:gold_block":1,"minecraft:pointed_dripstone":1,"minecraft:deepslate_iron_ore":25,"minecraft:cobblestone_slab":3,"minecraft:stone":178,"jeg:blackstone_brimstone_ore":4,"sophisticatedbackpacks:backpack":1,"minecraft:smithing_table":1,"jeg:scrap_ore":46,"minecraft:blackstone":111,"minecraft:amethyst_cluster":3,"minecraft:basalt":562,"jeg:basalt_brimstone_ore":35,"minecraft:dandelion":1,"minecraft:clay":5,"minecraft:cornflower":1,"minecraft:crafting_table":17,"minecraft:torch":23,"minecraft:emerald_ore":2,"minecraft:calcite":1,"gobber2:gobber2_lucky_block_nether":7,"minecraft:sculk_sensor":2,"minecraft:nether_quartz_ore":7,"minecraft:copper_ore":61,"minecraft:tall_grass":7,"minecraft:cobblestone":33,"minecraft:deepslate_gold_ore":1,"minecraft:lapis_ore":1,"minecraft:sculk":7,"minecraft:wall_torch":10,"minecraft:diorite":16,"minecraft:amethyst_block":8,"jeg:deepslate_scrap_ore":14,"sophisticatedbackpacks:diamond_backpack":3,"minecraft:birch_log":19,"minecraft:birch_leaves":1,"gobber2:gobber2_lucky_block_deepslate":25,"minecraft:grass":38,"minecraft:coal_ore":96,"minecraft:oak_log":48,"minecraft:gravel":31,"minecraft:sand":2,"minecraft:dripstone_block":4,"minecraft:dirt":35,"minecraft:cobweb":8,"minecraft:raw_copper_block":1,"minecraft:ancient_debris":4,"minecraft:netherrack":519,"minecraft:gold_ore":1,"minecraft:deepslate":412,"minecraft:oak_leaves":12,"minecraft:fern":1}},"DataVersion":3120}