{"stats":{"minecraft:dropped":{"minecraft:cobblestone":1,"minecraft:diorite":1},"minecraft:mined":{"minecraft:crafting_table":4,"minecraft:torch":3,"gravestone:gravestone":2,"minecraft:grass_block":3,"minecraft:cobblestone":4,"minecraft:diorite":1,"minecraft:wall_torch":2,"jeg:deepslate_scrap_ore":10,"minecraft:furnace":1,"minecraft:birch_log":19,"minecraft:iron_ore":18,"minecraft:cobbled_deepslate":2,"minecraft:birch_leaves":1,"gobber2:gobber2_lucky_block_deepslate":20,"minecraft:grass":2,"minecraft:oak_log":48,"minecraft:coal_ore":19,"minecraft:deepslate_iron_ore":1,"minecraft:gravel":17,"minecraft:dirt":1,"minecraft:stone":35,"minecraft:oak_leaves":12,"minecraft:deepslate":165},"minecraft:crafted":{"minecraft:crafting_table":1,"minecraft:wooden_pickaxe":1,"minecraft:iron_sword":1,"minecraft:furnace":1,"minecraft:birch_planks":76,"minecraft:stone_axe":1,"minecraft:air":0,"minecraft:iron_chestplate":1,"minecraft:shield":1,"minecraft:stick":36,"minecraft:iron_ingot":18,"minecraft:iron_pickaxe":1,"minecraft:stone_pickaxe":3,"minecraft:torch":54},"minecraft:custom":{"minecraft:interact_with_furnace":10,"minecraft:mob_kills":1,"minecraft:interact_with_crafting_table":25,"minecraft:leave_game":5,"minecraft:time_since_death":10096,"minecraft:sleep_in_bed":1,"minecraft:time_since_rest":10239,"minecraft:sprint_one_cm":39932,"minecraft:damage_taken":935,"minecraft:walk_one_cm":111808,"minecraft:damage_blocked_by_shield":240,"minecraft:drop":2,"minecraft:damage_dealt":784,"minecraft:fly_one_cm":21138,"minecraft:open_chest":4,"minecraft:crouch_one_cm":3286,"minecraft:play_time":64167,"minecraft:deaths":3,"minecraft:sneak_time":1419,"minecraft:jump":590,"minecraft:total_world_time":64167,"minecraft:fall_one_cm":8920},"minecraft:killed_by":{"midnightlurker:void_hands":2,"minecraft:zombie":1},"minecraft:used":{"minecraft:birch_planks":3,"minecraft:stone_pickaxe":128,"minecraft:shield":9,"minecraft:wooden_pickaxe":59,"minecraft:iron_sword":12,"minecraft:iron_chestplate":1,"minecraft:torch":51,"minecraft:dirt":3,"minecraft:crafting_table":4,"minecraft:apple":1,"minecraft:iron_pickaxe":90,"minecraft:stone_axe":84,"minecraft:cobblestone":24,"minecraft:oak_sapling":2,"minecraft:furnace":1,"minecraft:cobbled_deepslate":26},"minecraft:broken":{"minecraft:wooden_pickaxe":1},"minecraft:picked_up":{"minecraft:birch_log":19,"minecraft:crafting_table":4,"gobber2:gobber2_gooey_beefstew":2,"minecraft:flint":4,"minecraft:oak_log":46,"jeg:scrap":21,"minecraft:dirt":4,"minecraft:apple":2,"gobber2:gobber2_gooey_beef":6,"minecraft:wheat_seeds":1,"minecraft:cobbled_deepslate":159,"minecraft:iron_ingot":15,"jeg:tech_trash":1,"gobber2:gobber2_gooey_bread":4,"minecraft:furnace":1,"minecraft:stick":4,"minecraft:raw_iron":19,"minecraft:copper_ingot":3,"minecraft:torch":6,"minecraft:gravel":21,"minecraft:diorite":2,"gobber2:gobber2_foo":3,"minecraft:oak_sapling":5,"minecraft:coal":19,"gobber2:gobber2_goo":5,"minecraft:cobblestone":40,"minecraft:ender_pearl":1},"minecraft:killed":{"minecraft:enderman":1}},"DataVersion":3120}