{"stats":{"minecraft:dropped":{"minecraft:wheat_seeds":7,"minecraft:dripstone_block":1,"minecraft:cobblestone":1,"minecraft:coal":10,"minecraft:dirt":1,"minecraft:diorite":3,"minecraft:potion":1,"gravestone:obituary":6,"jeg:waterpipe_shotgun":1,"minecraft:dandelion":3,"minecraft:rotten_flesh":7,"minecraft:andesite":1,"minecraft:stone_pickaxe":1,"minecraft:raw_gold":1},"minecraft:mined":{"jeg:brimstone_ore":5,"minecraft:spruce_planks":2,"gravestone:gravestone":12,"minecraft:granite":23,"minecraft:grass_block":17,"gobber2:gobber2_lucky_block":42,"minecraft:large_fern":3,"minecraft:furnace":1,"minecraft:iron_ore":70,"minecraft:cobbled_deepslate":11,"minecraft:andesite":18,"minecraft:pointed_dripstone":1,"minecraft:deepslate_iron_ore":5,"minecraft:stone":174,"jeg:scrap_ore":40,"minecraft:dandelion":1,"minecraft:cornflower":1,"minecraft:crafting_table":8,"minecraft:torch":4,"minecraft:emerald_ore":2,"minecraft:tall_grass":7,"minecraft:copper_ore":60,"minecraft:cobblestone":31,"minecraft:diorite":14,"minecraft:wall_torch":5,"jeg:deepslate_scrap_ore":10,"minecraft:birch_log":19,"minecraft:birch_leaves":1,"gobber2:gobber2_lucky_block_deepslate":25,"minecraft:grass":34,"minecraft:oak_log":48,"minecraft:coal_ore":81,"minecraft:gravel":17,"minecraft:dripstone_block":4,"minecraft:dirt":20,"minecraft:gold_ore":1,"minecraft:fern":1,"minecraft:oak_leaves":12,"minecraft:deepslate":245},"minecraft:crafted":{"minecraft:oak_planks":32,"minecraft:furnace":2,"minecraft:iron_boots":1,"minecraft:stone_pickaxe":4,"minecraft:chest":3,"minecraft:glass_bottle":3,"sophisticatedbackpacks:backpack":1,"minecraft:crafting_table":2,"minecraft:wooden_pickaxe":1,"minecraft:baked_potato":1,"minecraft:iron_helmet":1,"minecraft:iron_sword":1,"minecraft:copper_ingot":32,"minecraft:bucket":1,"minecraft:birch_planks":76,"minecraft:stone_axe":1,"minecraft:air":0,"minecraft:iron_chestplate":1,"minecraft:shield":1,"minecraft:stick":48,"minecraft:iron_ingot":52,"minecraft:iron_pickaxe":2,"minecraft:iron_leggings":1,"minecraft:torch":88},"minecraft:killed_by":{"minecraft:creeper":1,"sanitydim:rotting_stalker":1,"midnightlurker:void_hands":2,"sanitydim:sneaking_terror":1,"minecraft:zombie":5},"minecraft:custom":{"minecraft:mob_kills":35,"minecraft:interact_with_crafting_table":49,"minecraft:damage_dealt_resisted":189,"minecraft:leave_game":7,"minecraft:time_since_death":2835,"minecraft:sprint_one_cm":288702,"minecraft:walk_one_cm":480746,"minecraft:damage_blocked_by_shield":1000,"minecraft:drop":33,"minecraft:damage_dealt_absorbed":84,"minecraft:play_time":204815,"minecraft:deaths":14,"minecraft:sneak_time":9568,"minecraft:walk_under_water_one_cm":19543,"minecraft:jump":2655,"minecraft:walk_on_water_one_cm":10898,"minecraft:total_world_time":204815,"minecraft:interact_with_furnace":49,"minecraft:sleep_in_bed":2,"minecraft:time_since_rest":2862,"minecraft:damage_taken":4322,"minecraft:damage_dealt":7772,"minecraft:swim_one_cm":8562,"minecraft:fly_one_cm":146358,"minecraft:open_chest":36,"minecraft:crouch_one_cm":20785,"minecraft:fall_one_cm":56221},"minecraft:used":{"gobber2:gobber2_gooey_bread":10,"minecraft:chest":2,"minecraft:shield":26,"minecraft:iron_sword":206,"minecraft:iron_chestplate":1,"minecraft:torch":104,"minecraft:dirt":79,"minecraft:granite":21,"minecraft:milk_bucket":1,"minecraft:lava_bucket":42,"minecraft:furnace":3,"minecraft:oak_sapling":2,"minecraft:cooked_beef":5,"minecraft:cobbled_deepslate":127,"minecraft:pointed_dripstone":1,"minecraft:water_bucket":1,"minecraft:diorite":9,"minecraft:birch_planks":3,"minecraft:glass_bottle":31,"minecraft:stone_pickaxe":447,"minecraft:wooden_pickaxe":59,"minecraft:crafting_table":9,"minecraft:apple":2,"gobber2:gobber2_gooey_beefstew":3,"minecraft:iron_pickaxe":361,"minecraft:stone_axe":113,"minecraft:cobblestone":112,"minecraft:potion":28,"toughasnails:purified_water_bottle":3,"minecraft:bucket":44},"minecraft:broken":{"minecraft:wooden_pickaxe":1,"minecraft:stone_pickaxe":2,"minecraft:stone_axe":1,"minecraft:iron_pickaxe":1},"minecraft:picked_up":{"jeg:makeshift_stock":1,"minecraft:crafting_table":8,"minecraft:potion":2,"gravestone:obituary":2,"minecraft:cornflower":5,"minecraft:string":4,"minecraft:raw_copper":208,"minecraft:cobbled_deepslate":246,"minecraft:spruce_planks":2,"minecraft:iron_pickaxe":1,"minecraft:furnace":1,"minecraft:stick":4,"minecraft:raw_iron":89,"minecraft:copper_ingot":3,"minecraft:torch":12,"minecraft:pointed_dripstone":1,"minecraft:diorite":16,"minecraft:carrot":1,"gobber2:gobber2_foo":11,"minecraft:arrow":9,"minecraft:rotten_flesh":22,"jeg:waterpipe_shotgun":2,"jeg:raw_brimstone":5,"minecraft:mutton":2,"minecraft:cobblestone":198,"minecraft:white_wool":1,"minecraft:birch_log":19,"minecraft:cooked_beef":6,"minecraft:andesite":15,"gobber2:gobber2_gooey_beefstew":7,"minecraft:leather":6,"minecraft:flint":4,"minecraft:oak_log":46,"jeg:scrap":103,"minecraft:gunpowder":5,"minecraft:dirt":93,"jeg:grenade":2,"minecraft:bone":8,"minecraft:apple":2,"gobber2:gobber2_gooey_beef":10,"minecraft:wheat_seeds":9,"minecraft:raw_gold":1,"minecraft:stone_pickaxe":1,"minecraft:iron_ingot":15,"jeg:tech_trash":7,"minecraft:iron_sword":2,"gobber2:gobber2_gooey_bread":21,"minecraft:dandelion":3,"minecraft:gravel":21,"minecraft:dripstone_block":1,"minecraft:granite":21,"minecraft:emerald":2,"minecraft:oak_sapling":5,"minecraft:coal":80,"gobber2:gobber2_goo":18,"minecraft:ender_pearl":2},"minecraft:killed":{"minecraft:spider":3,"minecraft:skeleton":7,"minecraft:creeper":1,"minecraft:sheep":1,"minecraft:zombie":13,"minecraft:enderman":1,"minecraft:cow":4}},"DataVersion":3120}