{"stats":{"minecraft:broken":{"minecraft:iron_boots":1,"minecraft:wooden_pickaxe":1,"minecraft:stone_pickaxe":2,"minecraft:shield":1,"minecraft:stone_axe":1,"minecraft:iron_pickaxe":2,"minecraft:iron_helmet":1},"minecraft:killed_by":{"minecraft:creeper":1,"sanitydim:rotting_stalker":1,"midnightlurker:void_hands":2,"sanitydim:sneaking_terror":1,"minecraft:skeleton":4,"minecraft:zombie":10,"midnightlurker:midnight_lurker_stare":1},"minecraft:dropped":{"minecraft:iron_sword":1,"minecraft:wheat_seeds":7,"minecraft:dripstone_block":1,"minecraft:cobblestone":1,"minecraft:coal":10,"minecraft:dirt":1,"minecraft:diorite":6,"minecraft:potion":1,"gravestone:obituary":33,"jeg:waterpipe_shotgun":1,"minecraft:dandelion":3,"minecraft:raw_iron":25,"minecraft:rotten_flesh":17,"minecraft:andesite":1,"minecraft:stone_pickaxe":1,"minecraft:raw_gold":1},"minecraft:mined":{"jeg:brimstone_ore":5,"minecraft:tuff":12,"minecraft:spruce_planks":2,"minecraft:deepslate_diamond_ore":16,"minecraft:sculk_vein":5,"gravestone:gravestone":33,"minecraft:granite":31,"minecraft:budding_amethyst":2,"minecraft:grass_block":25,"gobber2:gobber2_lucky_block":42,"minecraft:large_fern":3,"minecraft:sculk_catalyst":1,"minecraft:furnace":2,"minecraft:iron_ore":103,"minecraft:cobbled_deepslate":36,"minecraft:andesite":22,"minecraft:moss_carpet":1,"minecraft:pointed_dripstone":1,"minecraft:deepslate_iron_ore":25,"minecraft:cobblestone_slab":3,"minecraft:stone":178,"sophisticatedbackpacks:backpack":1,"jeg:scrap_ore":46,"minecraft:amethyst_cluster":3,"minecraft:dandelion":1,"minecraft:clay":5,"minecraft:crafting_table":14,"minecraft:cornflower":1,"minecraft:torch":20,"minecraft:emerald_ore":2,"minecraft:calcite":1,"minecraft:sculk_sensor":2,"minecraft:copper_ore":61,"minecraft:tall_grass":7,"minecraft:cobblestone":33,"minecraft:lapis_ore":1,"minecraft:deepslate_gold_ore":1,"minecraft:sculk":7,"minecraft:diorite":16,"minecraft:wall_torch":10,"minecraft:amethyst_block":8,"jeg:deepslate_scrap_ore":14,"sophisticatedbackpacks:diamond_backpack":3,"minecraft:birch_log":19,"minecraft:birch_leaves":1,"gobber2:gobber2_lucky_block_deepslate":25,"minecraft:grass":38,"minecraft:oak_log":48,"minecraft:coal_ore":96,"minecraft:dripstone_block":4,"minecraft:gravel":27,"minecraft:sand":2,"minecraft:dirt":33,"minecraft:cobweb":1,"minecraft:raw_copper_block":1,"minecraft:gold_ore":1,"minecraft:deepslate":412,"minecraft:oak_leaves":12,"minecraft:fern":1},"minecraft:crafted":{"minecraft:oak_planks":48,"minecraft:cobblestone_slab":6,"minecraft:furnace":3,"minecraft:iron_boots":1,"minecraft:stone_pickaxe":4,"minecraft:chest":3,"minecraft:glass_bottle":3,"sophisticatedbackpacks:backpack":1,"minecraft:crafting_table":2,"minecraft:iron_helmet":2,"minecraft:baked_potato":1,"minecraft:wooden_pickaxe":1,"minecraft:iron_sword":2,"minecraft:copper_ingot":32,"minecraft:bucket":1,"minecraft:birch_planks":76,"minecraft:stone_axe":1,"minecraft:air":0,"minecraft:iron_chestplate":1,"minecraft:diamond_pickaxe":1,"minecraft:charcoal":2,"minecraft:shield":2,"minecraft:stick":80,"minecraft:iron_ingot":55,"minecraft:iron_pickaxe":3,"minecraft:iron_leggings":1,"minecraft:torch":232,"toughasnails:empty_canteen":1},"minecraft:used":{"minecraft:chest":2,"gobber2:gobber2_gooey_bread":10,"minecraft:shield":104,"minecraft:iron_sword":423,"minecraft:iron_chestplate":1,"minecraft:torch":270,"minecraft:dirt":120,"minecraft:granite":22,"minecraft:milk_bucket":3,"sophisticatedbackpacks:diamond_backpack":5,"minecraft:iron_hoe":2,"minecraft:lava_bucket":218,"minecraft:iron_helmet":1,"minecraft:bow":3,"minecraft:oak_sapling":2,"minecraft:furnace":4,"minecraft:cooked_beef":7,"minecraft:cobbled_deepslate":246,"minecraft:pointed_dripstone":1,"minecraft:water_bucket":1,"minecraft:diorite":12,"minecraft:birch_planks":3,"minecraft:glass_bottle":48,"minecraft:stone_pickaxe":479,"minecraft:wooden_pickaxe":59,"minecraft:cobblestone_slab":8,"minecraft:crafting_table":15,"sophisticatedbackpacks:backpack":1,"minecraft:apple":2,"gobber2:gobber2_gooey_beefstew":3,"minecraft:iron_pickaxe":689,"minecraft:stone_axe":113,"minecraft:cobblestone":130,"minecraft:potion":42,"toughasnails:purified_water_bottle":3,"minecraft:andesite":11,"minecraft:bucket":220,"minecraft:air":1},"minecraft:custom":{"minecraft:mob_kills":77,"minecraft:interact_with_crafting_table":64,"minecraft:damage_dealt_resisted":946,"minecraft:leave_game":14,"minecraft:time_since_death":7366,"minecraft:climb_one_cm":57,"minecraft:sprint_one_cm":474213,"minecraft:walk_one_cm":931124,"minecraft:damage_blocked_by_shield":3590,"minecraft:drop":69,"minecraft:damage_dealt_absorbed":242,"minecraft:play_time":368615,"minecraft:sneak_time":17968,"minecraft:deaths":36,"minecraft:walk_under_water_one_cm":20918,"minecraft:jump":4422,"minecraft:walk_on_water_one_cm":16057,"minecraft:total_world_time":368615,"minecraft:interact_with_furnace":57,"minecraft:sleep_in_bed":6,"minecraft:time_since_rest":7394,"minecraft:damage_taken":10403,"minecraft:damage_dealt":15817,"minecraft:swim_one_cm":13238,"minecraft:fly_one_cm":236754,"minecraft:open_chest":49,"minecraft:crouch_one_cm":39932,"minecraft:fall_one_cm":96159},"minecraft:picked_up":{"jeg:makeshift_stock":1,"minecraft:crafting_table":14,"minecraft:clay_ball":20,"minecraft:potion":2,"gravestone:obituary":8,"minecraft:amethyst_block":8,"minecraft:cornflower":8,"minecraft:string":6,"minecraft:raw_copper":216,"minecraft:moss_carpet":1,"minecraft:cobbled_deepslate":449,"minecraft:spruce_planks":2,"minecraft:cobblestone_slab":2,"minecraft:calcite":1,"minecraft:iron_pickaxe":1,"minecraft:raw_copper_block":1,"minecraft:furnace":2,"minecraft:stick":4,"minecraft:raw_iron":167,"minecraft:copper_ingot":3,"jeg:pistol_ammo":5,"minecraft:oak_fence":2,"minecraft:torch":34,"sophisticatedbackpacks:backpack":1,"minecraft:pointed_dripstone":1,"minecraft:diorite":22,"minecraft:carrot":3,"gobber2:gobber2_foo":11,"minecraft:arrow":24,"jeg:healing_talisman":2,"minecraft:rotten_flesh":68,"jeg:waterpipe_shotgun":2,"minecraft:mutton":2,"jeg:raw_brimstone":5,"minecraft:white_wool":1,"minecraft:cobblestone":206,"minecraft:birch_log":19,"minecraft:cooked_beef":7,"minecraft:andesite":19,"gobber2:gobber2_gooey_beefstew":7,"minecraft:leather":6,"minecraft:flint":5,"minecraft:tuff":13,"minecraft:oak_log":46,"jeg:scrap":122,"minecraft:gunpowder":7,"minecraft:lapis_lazuli":7,"minecraft:dirt":128,"jeg:grenade":2,"minecraft:bone":24,"minecraft:apple":2,"gobber2:gobber2_gooey_beef":10,"minecraft:bow":2,"minecraft:wheat_seeds":10,"minecraft:raw_gold":2,"minecraft:iron_ingot":15,"minecraft:stone_pickaxe":1,"jeg:tech_trash":9,"minecraft:iron_sword":4,"minecraft:oak_planks":4,"gobber2:gobber2_gooey_bread":21,"sophisticatedbackpacks:diamond_backpack":4,"minecraft:dandelion":4,"minecraft:dripstone_block":1,"minecraft:gravel":29,"minecraft:sand":2,"minecraft:amethyst_shard":12,"minecraft:spider_eye":1,"jeg:handmade_shell":5,"minecraft:iron_hoe":1,"funmod:l_essence_of_greed":17,"minecraft:slime_ball":2,"jeg:ectoplasm":3,"minecraft:diamond":16,"minecraft:crossbow":1,"minecraft:granite":29,"minecraft:emerald":2,"minecraft:oak_sapling":5,"gobber2:gobber2_goo":18,"minecraft:coal":102,"minecraft:ender_pearl":2},"minecraft:killed":{"minecraft:spider":5,"minecraft:skeleton":17,"jeg:ghoul":3,"minecraft:creeper":2,"minecraft:sheep":1,"minecraft:zombie":29,"minecraft:cow":4,"minecraft:enderman":1}},"DataVersion":3120}