{"stats":{"minecraft:broken":{"minecraft:iron_boots":1,"minecraft:iron_chestplate":1,"minecraft:iron_leggings":1,"minecraft:stone_pickaxe":2,"minecraft:stone_axe":1,"minecraft:iron_sword":1,"minecraft:wooden_pickaxe":1,"minecraft:shield":2,"minecraft:iron_pickaxe":8,"minecraft:iron_helmet":2},"minecraft:dropped":{"minecraft:iron_sword":1,"minecraft:dirt":1,"minecraft:cornflower":1,"gravestone:obituary":115,"minecraft:gravel":4,"minecraft:pointed_dripstone":4,"minecraft:rotten_flesh":17,"minecraft:netherite_pickaxe":1,"minecraft:wheat_seeds":9,"minecraft:dripstone_block":1,"minecraft:cobblestone":2,"minecraft:granite":1,"minecraft:coal":10,"minecraft:diorite":6,"minecraft:potion":1,"jeg:waterpipe_shotgun":1,"minecraft:dandelion":3,"minecraft:raw_iron":25,"minecraft:diamond_pickaxe":4,"minecraft:andesite":1,"minecraft:bow":1,"minecraft:stone_pickaxe":1,"minecraft:raw_gold":1},"minecraft:used":{"gobber2:gobber2_gooey_bread":22,"minecraft:chest":2,"minecraft:shield":134,"minecraft:iron_sword":850,"minecraft:iron_chestplate":1,"minecraft:milk_bucket":3,"sophisticatedbackpacks:diamond_backpack":6,"minecraft:lava_bucket":248,"minecraft:iron_helmet":1,"minecraft:red_carpet":1,"minecraft:bow":3,"minecraft:furnace":5,"minecraft:oak_sapling":2,"minecraft:diorite":12,"minecraft:stone_pickaxe":506,"minecraft:wooden_pickaxe":59,"minecraft:cookie":8,"minecraft:crossbow":8,"gobber2:gobber2_gooey_bread_nether":1,"sophisticatedbackpacks:backpack":1,"gobber2:gobber2_gooey_beefstew":3,"minecraft:gravel":4,"minecraft:smithing_table":1,"minecraft:andesite":11,"jeg:waterpipe_shotgun":5,"minecraft:air":1,"minecraft:netherrack":383,"minecraft:torch":298,"minecraft:dirt":120,"minecraft:warped_wart_block":4,"minecraft:granite":22,"minecraft:iron_hoe":2,"minecraft:iron_axe":23,"minecraft:basalt":235,"minecraft:netherite_pickaxe":54,"minecraft:cooked_beef":7,"minecraft:cobbled_deepslate":320,"minecraft:pointed_dripstone":1,"minecraft:water_bucket":1,"minecraft:birch_planks":3,"minecraft:glass_bottle":48,"minecraft:cobblestone_slab":8,"minecraft:crafting_table":23,"minecraft:diamond_pickaxe":35,"minecraft:apple":2,"minecraft:iron_pickaxe":2212,"minecraft:stone_axe":113,"minecraft:cobblestone":137,"minecraft:potion":45,"minecraft:cobbled_deepslate_slab":7,"minecraft:bucket":252,"minecraft:dandelion":1},"minecraft:killed":{"minecraft:zombified_piglin":10,"minecraft:spider":5,"minecraft:skeleton":23,"jeg:ghoul":3,"minecraft:magma_cube":44,"minecraft:piglin":3,"minecraft:zombie_villager":2,"minecraft:creeper":2,"minecraft:sheep":3,"minecraft:zombie":46,"minecraft:cow":5,"jeg:boo":1,"minecraft:wither_skeleton":5,"minecraft:enderman":1},"minecraft:custom":{"minecraft:interact_with_crafting_table":87,"minecraft:leave_game":15,"minecraft:time_since_death":3044,"minecraft:sprint_one_cm":706429,"minecraft:damage_blocked_by_shield":4860,"minecraft:drop":164,"minecraft:talked_to_villager":2,"minecraft:play_time":582908,"minecraft:deaths":86,"minecraft:jump":6961,"minecraft:walk_on_water_one_cm":19732,"minecraft:interact_with_furnace":84,"minecraft:sleep_in_bed":7,"minecraft:damage_dealt":30661,"minecraft:crouch_one_cm":73369,"minecraft:interact_with_smithing_table":2,"minecraft:mob_kills":172,"minecraft:damage_dealt_resisted":958,"minecraft:climb_one_cm":562,"minecraft:walk_one_cm":1499805,"minecraft:damage_dealt_absorbed":569,"minecraft:sneak_time":36422,"minecraft:walk_under_water_one_cm":26647,"minecraft:interact_with_lectern":1,"minecraft:total_world_time":582908,"minecraft:time_since_rest":3070,"minecraft:damage_taken":24803,"minecraft:swim_one_cm":26908,"minecraft:fly_one_cm":353644,"minecraft:open_chest":84,"minecraft:fall_one_cm":147902},"minecraft:killed_by":{"midnightlurker:midnight_lurker_aggressive":1,"minecraft:zombified_piglin":9,"minecraft:wither_skeleton":5,"minecraft:creeper":1,"minecraft:magma_cube":6,"sanitydim:rotting_stalker":3,"midnightlurker:void_hands":2,"sanitydim:sneaking_terror":1,"minecraft:piglin":1,"minecraft:blaze":2,"the_one_who_watches:toww_running":1,"minecraft:zombie":10,"midnightlurker:midnight_lurker_stare":1,"minecraft:warden":5,"minecraft:skeleton":4},"minecraft:picked_up":{"minecraft:iron_chestplate":1,"minecraft:chainmail_boots":1,"minecraft:smithing_table":1,"minecraft:potion":2,"minecraft:golden_sword":1,"minecraft:amethyst_block":8,"minecraft:string":12,"minecraft:raw_copper":216,"gobber2:gobber2_glass_nether":1,"minecraft:experience_bottle":3,"minecraft:gold_nugget":11,"minecraft:cobbled_deepslate":480,"minecraft:spruce_planks":2,"minecraft:cobblestone_slab":2,"minecraft:calcite":1,"minecraft:iron_pickaxe":1,"minecraft:iron_boots":2,"minecraft:furnace":3,"minecraft:stick":4,"jeg:pistol_ammo":5,"minecraft:oak_fence":2,"minecraft:torch":55,"minecraft:pointed_dripstone":5,"minecraft:diorite":22,"gobber2:gobber2_foo":11,"minecraft:rotten_flesh":91,"minecraft:cobblestone":234,"minecraft:birch_log":19,"minecraft:magma_block":1,"minecraft:cooked_beef":9,"minecraft:magma_cream":2,"minecraft:andesite":20,"minecraft:flint":6,"minecraft:tuff":13,"jeg:scrap":131,"gobber2:gobber2_gooey_bread_nether":2,"minecraft:dirt":138,"minecraft:lapis_lazuli":47,"minecraft:lantern":1,"minecraft:bone":33,"minecraft:bow":3,"gobber2:gobber2_gooey_beef":10,"minecraft:wheat_seeds":14,"minecraft:cobbled_deepslate_slab":2,"minecraft:raw_gold":2,"gobber2:gobber2_globette":20,"minecraft:glowstone_dust":13,"minecraft:oak_planks":4,"gobber2:gobber2_gooey_bread":21,"gobber2:gobber2_rod_nether":1,"minecraft:warped_wart_block":4,"minecraft:sand":2,"minecraft:stripped_spruce_log":2,"sophisticatedbackpacks:iron_backpack":1,"minecraft:iron_hoe":1,"minecraft:spruce_fence_gate":1,"minecraft:diamond":19,"minecraft:crossbow":1,"minecraft:granite":32,"minecraft:emerald":6,"minecraft:chainmail_helmet":1,"minecraft:oak_sapling":5,"minecraft:netherrack":570,"gobber2:gobber2_goo":18,"minecraft:diamond_pickaxe":5,"jeg:makeshift_stock":1,"minecraft:crafting_table":21,"minecraft:clay_ball":20,"minecraft:gold_block":1,"gravestone:obituary":36,"minecraft:cornflower":9,"minecraft:moss_carpet":1,"minecraft:iron_axe":2,"minecraft:item_frame":1,"minecraft:white_carpet":3,"minecraft:blackstone":132,"minecraft:raw_copper_block":1,"minecraft:raw_iron":232,"minecraft:copper_ingot":3,"sophisticatedbackpacks:backpack":1,"minecraft:cookie":15,"minecraft:carrot":3,"minecraft:netherite_pickaxe":1,"minecraft:arrow":32,"jeg:healing_talisman":2,"gobber2:gobber2_gooey_beef_nether":1,"minecraft:nether_bricks":18,"jeg:waterpipe_shotgun":2,"sophisticatedbackpacks:copper_backpack":2,"jeg:raw_brimstone":43,"minecraft:mutton":4,"minecraft:white_wool":3,"minecraft:basalt":632,"minecraft:leather":8,"gobber2:gobber2_gooey_beefstew":7,"minecraft:oak_log":46,"minecraft:ancient_debris":4,"minecraft:golden_boots":1,"minecraft:gunpowder":7,"jeg:grenade":2,"minecraft:cooked_mutton":2,"minecraft:red_carpet":1,"minecraft:apple":2,"minecraft:iron_ingot":48,"minecraft:stone_pickaxe":1,"gobber2:gobber2_gooey_beefstew_nether":1,"minecraft:iron_sword":5,"jeg:tech_trash":11,"sophisticatedbackpacks:diamond_backpack":5,"minecraft:book":54,"minecraft:quartz":7,"minecraft:dandelion":5,"minecraft:dripstone_block":1,"minecraft:gravel":37,"minecraft:amethyst_shard":12,"minecraft:spruce_log":2,"minecraft:crying_obsidian":1,"minecraft:spider_eye":1,"jeg:handmade_shell":5,"funmod:l_essence_of_greed":107,"minecraft:slime_ball":2,"jeg:ectoplasm":5,"minecraft:polished_diorite":2,"gobber2:gobber2_goo_nether":1,"minecraft:coal":160,"minecraft:ender_pearl":2},"minecraft:crafted":{"minecraft:oak_planks":88,"minecraft:cobblestone_slab":6,"sophisticatedbackpacks:crafting_upgrade":1,"minecraft:iron_boots":2,"minecraft:chest":4,"minecraft:glass_bottle":3,"sophisticatedbackpacks:backpack":1,"minecraft:crafting_table":4,"minecraft:wooden_pickaxe":1,"minecraft:baked_potato":1,"minecraft:iron_helmet":3,"minecraft:smithing_table":1,"minecraft:copper_ingot":32,"minecraft:birch_planks":76,"sophisticatedbackpacks:upgrade_base":1,"minecraft:iron_chestplate":2,"minecraft:charcoal":2,"minecraft:diamond_pickaxe":1,"minecraft:shield":3,"minecraft:stick":104,"minecraft:iron_ingot":90,"minecraft:iron_pickaxe":10,"minecraft:netherite_ingot":1,"minecraft:cobbled_deepslate_slab":6,"minecraft:furnace":3,"minecraft:iron_axe":1,"minecraft:stone_pickaxe":4,"minecraft:netherite_scrap":4,"minecraft:netherite_pickaxe":1,"minecraft:iron_sword":3,"minecraft:bucket":1,"minecraft:stone_axe":1,"minecraft:air":0,"minecraft:iron_leggings":2,"minecraft:torch":248},"minecraft:mined":{"jeg:brimstone_ore":5,"minecraft:spruce_planks":2,"minecraft:sculk_vein":5,"minecraft:granite":33,"minecraft:budding_amethyst":2,"minecraft:grass_block":28,"gobber2:gobber2_ore_deepslate":11,"gobber2:gobber2_lucky_block":42,"minecraft:polished_diorite":2,"minecraft:magma_block":1,"gobber2:gobber2_ore":9,"minecraft:sculk_catalyst":1,"minecraft:glowstone":4,"minecraft:iron_ore":128,"minecraft:cobbled_deepslate":42,"minecraft:fire":68,"minecraft:moss_carpet":1,"minecraft:deepslate_lapis_ore":5,"minecraft:pointed_dripstone":8,"minecraft:dirt_path":5,"minecraft:blackstone":133,"minecraft:amethyst_cluster":3,"minecraft:clay":5,"minecraft:torch":36,"minecraft:calcite":1,"gobber2:gobber2_lucky_block_nether":7,"minecraft:nether_quartz_ore":7,"minecraft:cobblestone":33,"minecraft:wall_torch":14,"minecraft:amethyst_block":8,"sophisticatedbackpacks:diamond_backpack":4,"minecraft:birch_log":19,"minecraft:grass":43,"minecraft:oak_log":48,"minecraft:sand":2,"minecraft:dirt":35,"minecraft:raw_copper_block":1,"minecraft:netherrack":524,"minecraft:ancient_debris":4,"minecraft:oak_leaves":12,"minecraft:deepslate":437,"minecraft:nether_gold_ore":2,"minecraft:crying_obsidian":1,"minecraft:tuff":12,"minecraft:red_carpet":1,"minecraft:deepslate_diamond_ore":19,"gravestone:gravestone":82,"minecraft:nether_bricks":19,"minecraft:cobbled_deepslate_slab":2,"minecraft:spruce_leaves":1,"minecraft:large_fern":3,"minecraft:furnace":3,"minecraft:andesite":24,"minecraft:stripped_spruce_log":3,"minecraft:gold_block":1,"minecraft:bookshelf":17,"minecraft:cobblestone_slab":3,"minecraft:deepslate_iron_ore":65,"sophisticatedbackpacks:backpack":1,"minecraft:stone":203,"jeg:blackstone_brimstone_ore":4,"minecraft:smithing_table":1,"jeg:scrap_ore":47,"minecraft:basalt":657,"jeg:basalt_brimstone_ore":35,"minecraft:dandelion":2,"minecraft:crafting_table":21,"minecraft:cornflower":2,"minecraft:emerald_ore":3,"minecraft:sculk_sensor":2,"minecraft:tall_grass":8,"minecraft:copper_ore":61,"minecraft:deepslate_coal_ore":1,"minecraft:lapis_ore":3,"minecraft:deepslate_gold_ore":1,"minecraft:sculk":7,"minecraft:diorite":16,"jeg:deepslate_scrap_ore":19,"minecraft:white_carpet":2,"minecraft:spruce_log":2,"minecraft:birch_leaves":1,"gobber2:gobber2_lucky_block_deepslate":25,"minecraft:coal_ore":150,"minecraft:dripstone_block":5,"minecraft:gravel":31,"minecraft:cobweb":8,"minecraft:spruce_fence_gate":1,"minecraft:gold_ore":1,"minecraft:fern":1}},"DataVersion":3120}