{"stats":{"minecraft:dropped":{"minecraft:cobblestone":1,"minecraft:diorite":2,"gravestone:obituary":2,"minecraft:raw_gold":1},"minecraft:mined":{"jeg:scrap_ore":24,"minecraft:crafting_table":4,"minecraft:torch":3,"gravestone:gravestone":2,"minecraft:emerald_ore":1,"minecraft:grass_block":3,"gobber2:gobber2_lucky_block":11,"minecraft:copper_ore":10,"minecraft:cobblestone":6,"minecraft:diorite":11,"minecraft:wall_torch":3,"jeg:deepslate_scrap_ore":10,"minecraft:furnace":1,"minecraft:birch_log":19,"minecraft:iron_ore":31,"minecraft:cobbled_deepslate":3,"minecraft:andesite":8,"minecraft:birch_leaves":1,"gobber2:gobber2_lucky_block_deepslate":25,"minecraft:grass":2,"minecraft:pointed_dripstone":1,"minecraft:oak_log":48,"minecraft:coal_ore":33,"minecraft:deepslate_iron_ore":5,"minecraft:gravel":17,"minecraft:dirt":5,"minecraft:stone":70,"minecraft:gold_ore":1,"minecraft:oak_leaves":12,"minecraft:deepslate":245},"minecraft:crafted":{"minecraft:glass_bottle":3,"minecraft:crafting_table":1,"minecraft:wooden_pickaxe":1,"minecraft:baked_potato":1,"minecraft:iron_sword":1,"minecraft:furnace":1,"minecraft:birch_planks":76,"minecraft:stone_axe":1,"minecraft:air":0,"minecraft:iron_chestplate":1,"minecraft:shield":1,"minecraft:stick":40,"minecraft:iron_ingot":34,"minecraft:iron_pickaxe":1,"minecraft:stone_pickaxe":3,"minecraft:chest":1,"minecraft:torch":68},"minecraft:custom":{"minecraft:interact_with_furnace":19,"minecraft:mob_kills":2,"minecraft:interact_with_crafting_table":34,"minecraft:leave_game":5,"minecraft:time_since_death":34096,"minecraft:sleep_in_bed":1,"minecraft:time_since_rest":34239,"minecraft:sprint_one_cm":52705,"minecraft:damage_taken":935,"minecraft:walk_one_cm":175972,"minecraft:damage_blocked_by_shield":240,"minecraft:drop":6,"minecraft:damage_dealt":983,"minecraft:fly_one_cm":22629,"minecraft:open_chest":16,"minecraft:crouch_one_cm":3424,"minecraft:play_time":88167,"minecraft:deaths":3,"minecraft:sneak_time":1627,"minecraft:jump":841,"minecraft:total_world_time":88167,"minecraft:fall_one_cm":9611},"minecraft:killed_by":{"midnightlurker:void_hands":2,"minecraft:zombie":1},"minecraft:used":{"minecraft:diorite":5,"minecraft:birch_planks":3,"minecraft:stone_pickaxe":240,"minecraft:chest":1,"gobber2:gobber2_gooey_bread":1,"minecraft:shield":9,"minecraft:wooden_pickaxe":59,"minecraft:iron_sword":17,"minecraft:iron_chestplate":1,"minecraft:torch":76,"minecraft:dirt":3,"minecraft:crafting_table":5,"minecraft:apple":2,"gobber2:gobber2_gooey_beefstew":2,"minecraft:iron_pickaxe":199,"minecraft:stone_axe":84,"minecraft:cobblestone":24,"minecraft:oak_sapling":2,"minecraft:furnace":2,"minecraft:cobbled_deepslate":57,"minecraft:pointed_dripstone":1},"minecraft:broken":{"minecraft:stone_pickaxe":1,"minecraft:wooden_pickaxe":1},"minecraft:picked_up":{"minecraft:birch_log":19,"minecraft:crafting_table":4,"minecraft:andesite":6,"gobber2:gobber2_gooey_beefstew":5,"minecraft:flint":4,"gravestone:obituary":1,"minecraft:oak_log":46,"jeg:scrap":76,"minecraft:dirt":8,"minecraft:raw_copper":43,"minecraft:apple":2,"gobber2:gobber2_gooey_beef":9,"minecraft:wheat_seeds":1,"minecraft:cobbled_deepslate":237,"minecraft:raw_gold":1,"minecraft:iron_ingot":15,"jeg:tech_trash":3,"gobber2:gobber2_gooey_bread":8,"minecraft:furnace":1,"minecraft:stick":4,"minecraft:raw_iron":54,"minecraft:copper_ingot":3,"minecraft:torch":8,"minecraft:gravel":21,"minecraft:pointed_dripstone":1,"minecraft:diorite":13,"gobber2:gobber2_foo":5,"jeg:waterpipe_shotgun":1,"minecraft:emerald":1,"minecraft:oak_sapling":5,"minecraft:coal":33,"gobber2:gobber2_goo":9,"minecraft:cobblestone":77,"minecraft:ender_pearl":1},"minecraft:killed":{"minecraft:zombie":1,"minecraft:enderman":1}},"DataVersion":3120}