{"stats":{"minecraft:dropped":{"minecraft:iron_sword":1,"minecraft:wheat_seeds":7,"minecraft:dripstone_block":1,"minecraft:cobblestone":1,"minecraft:coal":10,"minecraft:dirt":1,"minecraft:diorite":6,"minecraft:potion":1,"gravestone:obituary":25,"jeg:waterpipe_shotgun":1,"minecraft:dandelion":3,"minecraft:raw_iron":25,"minecraft:rotten_flesh":17,"minecraft:andesite":1,"minecraft:stone_pickaxe":1,"minecraft:raw_gold":1},"minecraft:mined":{"jeg:brimstone_ore":5,"minecraft:spruce_planks":2,"minecraft:deepslate_diamond_ore":15,"gravestone:gravestone":25,"minecraft:granite":23,"minecraft:grass_block":25,"gobber2:gobber2_lucky_block":42,"minecraft:large_fern":3,"minecraft:furnace":1,"minecraft:iron_ore":103,"minecraft:cobbled_deepslate":15,"minecraft:andesite":21,"minecraft:moss_carpet":1,"minecraft:pointed_dripstone":1,"minecraft:cobblestone_slab":1,"minecraft:deepslate_iron_ore":21,"minecraft:stone":178,"jeg:scrap_ore":46,"minecraft:dandelion":1,"minecraft:clay":5,"minecraft:crafting_table":11,"minecraft:cornflower":1,"minecraft:torch":18,"minecraft:emerald_ore":2,"minecraft:tall_grass":7,"minecraft:copper_ore":60,"minecraft:cobblestone":33,"minecraft:lapis_ore":1,"minecraft:diorite":16,"minecraft:wall_torch":7,"jeg:deepslate_scrap_ore":14,"minecraft:birch_log":19,"minecraft:birch_leaves":1,"gobber2:gobber2_lucky_block_deepslate":25,"minecraft:grass":38,"minecraft:oak_log":48,"minecraft:coal_ore":96,"minecraft:gravel":20,"minecraft:dripstone_block":4,"minecraft:dirt":31,"minecraft:cobweb":1,"minecraft:gold_ore":1,"minecraft:oak_leaves":12,"minecraft:deepslate":265,"minecraft:fern":1},"minecraft:crafted":{"minecraft:oak_planks":40,"minecraft:cobblestone_slab":6,"minecraft:furnace":2,"minecraft:iron_boots":1,"minecraft:stone_pickaxe":4,"minecraft:chest":3,"minecraft:glass_bottle":3,"sophisticatedbackpacks:backpack":1,"minecraft:crafting_table":2,"minecraft:wooden_pickaxe":1,"minecraft:baked_potato":1,"minecraft:iron_helmet":1,"minecraft:iron_sword":1,"minecraft:copper_ingot":32,"minecraft:birch_planks":76,"minecraft:bucket":1,"minecraft:stone_axe":1,"minecraft:air":0,"minecraft:iron_chestplate":1,"minecraft:shield":2,"minecraft:stick":56,"minecraft:iron_ingot":52,"minecraft:iron_pickaxe":2,"minecraft:iron_leggings":1,"minecraft:torch":184},"minecraft:killed_by":{"minecraft:creeper":1,"sanitydim:rotting_stalker":1,"midnightlurker:void_hands":2,"sanitydim:sneaking_terror":1,"minecraft:skeleton":4,"minecraft:zombie":8},"minecraft:custom":{"minecraft:mob_kills":54,"minecraft:interact_with_crafting_table":52,"minecraft:damage_dealt_resisted":473,"minecraft:leave_game":9,"minecraft:time_since_death":201,"minecraft:climb_one_cm":57,"minecraft:sprint_one_cm":422821,"minecraft:walk_one_cm":709213,"minecraft:damage_blocked_by_shield":2670,"minecraft:drop":61,"minecraft:damage_dealt_absorbed":242,"minecraft:play_time":276003,"minecraft:deaths":28,"minecraft:sneak_time":13396,"minecraft:walk_under_water_one_cm":20918,"minecraft:jump":3506,"minecraft:walk_on_water_one_cm":15716,"minecraft:total_world_time":276003,"minecraft:interact_with_furnace":49,"minecraft:sleep_in_bed":2,"minecraft:time_since_rest":227,"minecraft:damage_taken":8155,"minecraft:damage_dealt":12112,"minecraft:swim_one_cm":13238,"minecraft:fly_one_cm":206734,"minecraft:open_chest":36,"minecraft:crouch_one_cm":29825,"minecraft:fall_one_cm":80277},"minecraft:used":{"minecraft:chest":2,"gobber2:gobber2_gooey_bread":10,"minecraft:shield":73,"minecraft:iron_sword":332,"minecraft:iron_chestplate":1,"minecraft:torch":213,"minecraft:dirt":119,"minecraft:granite":21,"minecraft:milk_bucket":3,"minecraft:lava_bucket":102,"minecraft:oak_sapling":2,"minecraft:furnace":3,"minecraft:cooked_beef":6,"minecraft:cobbled_deepslate":135,"minecraft:pointed_dripstone":1,"minecraft:water_bucket":1,"minecraft:diorite":12,"minecraft:birch_planks":3,"minecraft:glass_bottle":48,"minecraft:stone_pickaxe":447,"minecraft:wooden_pickaxe":59,"minecraft:cobblestone_slab":4,"minecraft:crafting_table":12,"minecraft:apple":2,"gobber2:gobber2_gooey_beefstew":3,"minecraft:iron_pickaxe":491,"minecraft:stone_axe":113,"minecraft:cobblestone":128,"minecraft:potion":42,"toughasnails:purified_water_bottle":3,"minecraft:andesite":9,"minecraft:bucket":104,"minecraft:air":1},"minecraft:broken":{"minecraft:wooden_pickaxe":1,"minecraft:stone_pickaxe":2,"minecraft:shield":1,"minecraft:stone_axe":1,"minecraft:iron_pickaxe":1},"minecraft:picked_up":{"jeg:makeshift_stock":1,"minecraft:crafting_table":11,"minecraft:clay_ball":20,"minecraft:potion":2,"gravestone:obituary":8,"minecraft:cornflower":8,"minecraft:string":5,"minecraft:raw_copper":214,"minecraft:moss_carpet":1,"minecraft:cobbled_deepslate":275,"minecraft:spruce_planks":2,"minecraft:iron_pickaxe":1,"minecraft:furnace":1,"minecraft:stick":4,"minecraft:raw_iron":163,"minecraft:copper_ingot":3,"minecraft:oak_fence":2,"minecraft:torch":28,"minecraft:pointed_dripstone":1,"minecraft:diorite":22,"minecraft:carrot":1,"gobber2:gobber2_foo":11,"minecraft:arrow":16,"minecraft:rotten_flesh":51,"jeg:waterpipe_shotgun":2,"jeg:raw_brimstone":5,"minecraft:mutton":2,"minecraft:white_wool":1,"minecraft:cobblestone":205,"minecraft:birch_log":19,"minecraft:cooked_beef":6,"minecraft:andesite":18,"gobber2:gobber2_gooey_beefstew":7,"minecraft:leather":6,"minecraft:flint":4,"minecraft:oak_log":46,"jeg:scrap":122,"minecraft:gunpowder":7,"minecraft:dirt":126,"minecraft:lapis_lazuli":7,"jeg:grenade":2,"minecraft:bone":15,"minecraft:apple":2,"minecraft:bow":1,"gobber2:gobber2_gooey_beef":10,"minecraft:wheat_seeds":10,"minecraft:raw_gold":1,"minecraft:stone_pickaxe":1,"minecraft:iron_ingot":15,"jeg:tech_trash":9,"minecraft:iron_sword":4,"minecraft:oak_planks":4,"gobber2:gobber2_gooey_bread":21,"minecraft:dandelion":4,"minecraft:dripstone_block":1,"minecraft:gravel":23,"minecraft:iron_hoe":1,"minecraft:diamond":15,"minecraft:granite":21,"minecraft:emerald":2,"minecraft:oak_sapling":5,"gobber2:gobber2_goo":18,"minecraft:coal":95,"minecraft:ender_pearl":2},"minecraft:killed":{"minecraft:spider":4,"minecraft:skeleton":12,"minecraft:creeper":1,"minecraft:sheep":1,"minecraft:zombie":22,"minecraft:cow":4,"minecraft:enderman":1}},"DataVersion":3120}